{
  "aor": 0.0007025938566552903,
  "aqi": 0.004637575631399317,
  "bids_meta": {
    "EchoTime": 0.03,
    "EffectiveEchoSpacing": 0.000308,
    "FlipAngle": 77.0,
    "PhaseEncodingDirection": "j-",
    "RepetitionTime": 2.0,
    "SliceTiming": [
      0.0,
      1.032258064516129,
      0.06451612903225806,
      1.096774193548387,
      0.12903225806451613,
      1.1612903225806452,
      0.1935483870967742,
      1.2258064516129032,
      0.25806451612903225,
      1.2903225806451613,
      0.3225806451612903,
      1.3548387096774193,
      0.3870967741935484,
      1.4193548387096775,
      0.45161290322580644,
      1.4838709677419355,
      0.5161290322580645,
      1.5483870967741935,
      0.5806451612903226,
      1.6129032258064515,
      0.6451612903225806,
      1.6774193548387097,
      0.7096774193548387,
      1.7419354838709677,
      0.7741935483870968,
      1.8064516129032258,
      0.8387096774193549,
      1.8709677419354838,
      0.9032258064516129,
      1.935483870967742,
      0.967741935483871,
      0.0,
      1.032258064516129,
      0.06451612903225806,
      1.096774193548387,
      0.12903225806451613,
      1.1612903225806452,
      0.1935483870967742,
      1.2258064516129032,
      0.25806451612903225,
      1.2903225806451613,
      0.3225806451612903,
      1.3548387096774193,
      0.3870967741935484,
      1.4193548387096775,
      0.45161290322580644,
      1.4838709677419355,
      0.5161290322580645,
      1.5483870967741935,
      0.5806451612903226,
      1.6129032258064515,
      0.6451612903225806,
      1.6774193548387097,
      0.7096774193548387,
      1.7419354838709677,
      0.7741935483870968,
      1.8064516129032258,
      0.8387096774193549,
      1.8709677419354838,
      0.9032258064516129,
      1.935483870967742,
      0.967741935483871
    ],
    "TaskName": "task-numbers",
    "TotalReadoutTime": 0.033572,
    "dataset": "ds001299",
    "modality": "bold",
    "run_id": 3,
    "session_id": "01",
    "subject_id": "02007",
    "task_id": "numbers"
  },
  "dummy_trs": 2,
  "dvars_nstd": 33.16056226061642,
  "dvars_std": 1.0303011470890415,
  "dvars_vstd": 1.0007962245547943,
  "efc": 0.4744423362132849,
  "fber": 1474.1993408203125,
  "fd_mean": 0.060846395248862366,
  "fd_num": 11,
  "fd_perc": 3.7542662116040955,
  "fwhm_avg": 3.0211783333333333,
  "fwhm_x": 2.97303,
  "fwhm_y": 3.165135,
  "fwhm_z": 2.92537,
  "gcor": 0.0172361,
  "gsr_x": 0.016383448615670204,
  "gsr_y": 0.0075249820947647095,
  "provenance": {
    "md5sum": "d86c4c127f91f1aa9fc87a90ca4e8d42",
    "settings": {
      "fd_thres": 0.2,
      "testing": false
    },
    "software": "mriqc",
    "version": "22.0.6",
    "webapi_port": null,
    "webapi_url": "https://mriqc.nimh.nih.gov/api/v1"
  },
  "size_t": 293,
  "size_x": 110,
  "size_y": 110,
  "size_z": 62,
  "snr": 2.7408833759904883,
  "spacing_tr": 2.0,
  "spacing_x": 2.0,
  "spacing_y": 2.0,
  "spacing_z": 2.0,
  "summary_bg_k": 40.09446204359862,
  "summary_bg_mad": 98.51934272673014,
  "summary_bg_mean": 848.343017578125,
  "summary_bg_median": 409.8675231933594,
  "summary_bg_n": 526241.0,
  "summary_bg_p05": 292.463623046875,
  "summary_bg_p95": 3339.340576171875,
  "summary_bg_stdv": 1546.3250732421875,
  "summary_fg_k": 1.0107705928248505,
  "summary_fg_mad": 5425.64218062414,
  "summary_fg_mean": 16833.037109375,
  "summary_fg_median": 15875.7646484375,
  "summary_fg_n": 133248.0,
  "summary_fg_p05": 9363.347998046875,
  "summary_fg_p95": 27838.406347656248,
  "summary_fg_stdv": 5792.185546875,
  "tsnr": 38.54819869995117
}