{
  "aor": 0.0007287030716723548,
  "aqi": 0.006442740750853242,
  "bids_meta": {
    "EchoTime": 0.03,
    "EffectiveEchoSpacing": 0.000308,
    "FlipAngle": 77.0,
    "PhaseEncodingDirection": "j-",
    "RepetitionTime": 2.0,
    "SliceTiming": [
      0.0,
      1.032258064516129,
      0.06451612903225806,
      1.096774193548387,
      0.12903225806451613,
      1.1612903225806452,
      0.1935483870967742,
      1.2258064516129032,
      0.25806451612903225,
      1.2903225806451613,
      0.3225806451612903,
      1.3548387096774193,
      0.3870967741935484,
      1.4193548387096775,
      0.45161290322580644,
      1.4838709677419355,
      0.5161290322580645,
      1.5483870967741935,
      0.5806451612903226,
      1.6129032258064515,
      0.6451612903225806,
      1.6774193548387097,
      0.7096774193548387,
      1.7419354838709677,
      0.7741935483870968,
      1.8064516129032258,
      0.8387096774193549,
      1.8709677419354838,
      0.9032258064516129,
      1.935483870967742,
      0.967741935483871,
      0.0,
      1.032258064516129,
      0.06451612903225806,
      1.096774193548387,
      0.12903225806451613,
      1.1612903225806452,
      0.1935483870967742,
      1.2258064516129032,
      0.25806451612903225,
      1.2903225806451613,
      0.3225806451612903,
      1.3548387096774193,
      0.3870967741935484,
      1.4193548387096775,
      0.45161290322580644,
      1.4838709677419355,
      0.5161290322580645,
      1.5483870967741935,
      0.5806451612903226,
      1.6129032258064515,
      0.6451612903225806,
      1.6774193548387097,
      0.7096774193548387,
      1.7419354838709677,
      0.7741935483870968,
      1.8064516129032258,
      0.8387096774193549,
      1.8709677419354838,
      0.9032258064516129,
      1.935483870967742,
      0.967741935483871
    ],
    "TaskName": "task-numbers",
    "TotalReadoutTime": 0.033572,
    "dataset": "ds001299",
    "modality": "bold",
    "run_id": 3,
    "session_id": "01",
    "subject_id": "02010",
    "task_id": "numbers"
  },
  "dummy_trs": 2,
  "dvars_nstd": 31.69696581191782,
  "dvars_std": 1.0225849443150683,
  "dvars_vstd": 1.011122471164383,
  "efc": 0.5070667593880743,
  "fber": 2127.4033203125,
  "fd_mean": 0.1472028356946431,
  "fd_num": 67,
  "fd_perc": 22.866894197952217,
  "fwhm_avg": 2.8563716666666665,
  "fwhm_x": 2.664075,
  "fwhm_y": 3.094175,
  "fwhm_z": 2.810865,
  "gcor": 0.00894817,
  "gsr_x": 0.00496283732354641,
  "gsr_y": 0.030645163729786873,
  "provenance": {
    "md5sum": "7aa83f4d72dee3d281101b119d93cfb5",
    "settings": {
      "fd_thres": 0.2,
      "testing": false
    },
    "software": "mriqc",
    "version": "22.0.6",
    "webapi_port": null,
    "webapi_url": "https://mriqc.nimh.nih.gov/api/v1"
  },
  "size_t": 293,
  "size_x": 110,
  "size_y": 110,
  "size_z": 62,
  "snr": 3.2315381007257145,
  "spacing_tr": 2.0,
  "spacing_x": 2.0,
  "spacing_y": 2.0,
  "spacing_z": 2.0,
  "summary_bg_k": 40.11915182843746,
  "summary_bg_mad": 135.8050714581143,
  "summary_bg_mean": 970.3160400390625,
  "summary_bg_median": 345.9915466308594,
  "summary_bg_n": 505792.0,
  "summary_bg_p05": 236.43702926635743,
  "summary_bg_p95": 3684.1711303710927,
  "summary_bg_stdv": 1975.7490234375,
  "summary_fg_k": 1.6758565746345377,
  "summary_fg_mad": 4596.187773153739,
  "summary_fg_mean": 16786.37890625,
  "summary_fg_median": 16064.56640625,
  "summary_fg_n": 153160.0,
  "summary_fg_p05": 10135.744140625,
  "summary_fg_p95": 25606.6072265625,
  "summary_fg_stdv": 4971.16650390625,
  "tsnr": 40.03239440917969
}