{
  "aor": 0.000512320819112628,
  "aqi": 0.011534449829351534,
  "bids_meta": {
    "EchoTime": 0.03,
    "EffectiveEchoSpacing": 0.000306,
    "FlipAngle": 77.0,
    "PhaseEncodingDirection": "j-",
    "RepetitionTime": 2.0,
    "SliceTiming": [
      0.0,
      1.032258064516129,
      0.06451612903225806,
      1.096774193548387,
      0.12903225806451613,
      1.1612903225806452,
      0.1935483870967742,
      1.2258064516129032,
      0.25806451612903225,
      1.2903225806451613,
      0.3225806451612903,
      1.3548387096774193,
      0.3870967741935484,
      1.4193548387096775,
      0.45161290322580644,
      1.4838709677419355,
      0.5161290322580645,
      1.5483870967741935,
      0.5806451612903226,
      1.6129032258064515,
      0.6451612903225806,
      1.6774193548387097,
      0.7096774193548387,
      1.7419354838709677,
      0.7741935483870968,
      1.8064516129032258,
      0.8387096774193549,
      1.8709677419354838,
      0.9032258064516129,
      1.935483870967742,
      0.967741935483871,
      0.0,
      1.032258064516129,
      0.06451612903225806,
      1.096774193548387,
      0.12903225806451613,
      1.1612903225806452,
      0.1935483870967742,
      1.2258064516129032,
      0.25806451612903225,
      1.2903225806451613,
      0.3225806451612903,
      1.3548387096774193,
      0.3870967741935484,
      1.4193548387096775,
      0.45161290322580644,
      1.4838709677419355,
      0.5161290322580645,
      1.5483870967741935,
      0.5806451612903226,
      1.6129032258064515,
      0.6451612903225806,
      1.6774193548387097,
      0.7096774193548387,
      1.7419354838709677,
      0.7741935483870968,
      1.8064516129032258,
      0.8387096774193549,
      1.8709677419354838,
      0.9032258064516129,
      1.935483870967742,
      0.967741935483871
    ],
    "TaskName": "task-numbers",
    "TotalReadoutTime": 0.033354,
    "dataset": "ds001299",
    "modality": "bold",
    "run_id": 4,
    "session_id": "01",
    "subject_id": "02004",
    "task_id": "numbers"
  },
  "dummy_trs": 2,
  "dvars_nstd": 46.844837580890434,
  "dvars_std": 1.0211667698630142,
  "dvars_vstd": 0.9844676802397256,
  "efc": 0.5093255095357244,
  "fber": 1067.6695556640625,
  "fd_mean": 0.24486002522900938,
  "fd_num": 153,
  "fd_perc": 52.218430034129696,
  "fwhm_avg": 2.7977898890155686,
  "fwhm_x": 2.55084,
  "fwhm_y": 3.049515,
  "fwhm_z": 2.7930146670467058,
  "gcor": 0.00570944,
  "gsr_x": 0.0016814948758110404,
  "gsr_y": 0.03359844908118248,
  "provenance": {
    "md5sum": "58e86cabe3319747108204c27bd89d93",
    "settings": {
      "fd_thres": 0.2,
      "testing": false
    },
    "software": "mriqc",
    "version": "22.0.6",
    "webapi_port": null,
    "webapi_url": "https://mriqc.nimh.nih.gov/api/v1"
  },
  "size_t": 293,
  "size_x": 110,
  "size_y": 110,
  "size_z": 62,
  "snr": 3.0763879305227118,
  "spacing_tr": 2.0,
  "spacing_x": 2.0,
  "spacing_y": 2.0,
  "spacing_z": 2.000000238418579,
  "summary_bg_k": 63.00294936352026,
  "summary_bg_mad": 194.87170087542356,
  "summary_bg_mean": 838.3417358398438,
  "summary_bg_median": 428.00701904296875,
  "summary_bg_n": 505131.0,
  "summary_bg_p05": 269.68121337890625,
  "summary_bg_p95": 2744.2537841796875,
  "summary_bg_stdv": 1427.17822265625,
  "summary_fg_k": 1.1454068645538689,
  "summary_fg_mad": 4044.408545247671,
  "summary_fg_mean": 14770.423828125,
  "summary_fg_median": 14180.21875,
  "summary_fg_n": 150183.0,
  "summary_fg_p05": 8574.99306640625,
  "summary_fg_p95": 23218.0947265625,
  "summary_fg_stdv": 4609.357421875,
  "tsnr": 27.01852035522461
}