{
  "aor": 0.0012666552901023892,
  "aqi": 0.00711853133105802,
  "bids_meta": {
    "EchoTime": 0.03,
    "EffectiveEchoSpacing": 0.000308,
    "FlipAngle": 77.0,
    "PhaseEncodingDirection": "j-",
    "RepetitionTime": 2.0,
    "SliceTiming": [
      0.0,
      1.032258064516129,
      0.06451612903225806,
      1.096774193548387,
      0.12903225806451613,
      1.1612903225806452,
      0.1935483870967742,
      1.2258064516129032,
      0.25806451612903225,
      1.2903225806451613,
      0.3225806451612903,
      1.3548387096774193,
      0.3870967741935484,
      1.4193548387096775,
      0.45161290322580644,
      1.4838709677419355,
      0.5161290322580645,
      1.5483870967741935,
      0.5806451612903226,
      1.6129032258064515,
      0.6451612903225806,
      1.6774193548387097,
      0.7096774193548387,
      1.7419354838709677,
      0.7741935483870968,
      1.8064516129032258,
      0.8387096774193549,
      1.8709677419354838,
      0.9032258064516129,
      1.935483870967742,
      0.967741935483871,
      0.0,
      1.032258064516129,
      0.06451612903225806,
      1.096774193548387,
      0.12903225806451613,
      1.1612903225806452,
      0.1935483870967742,
      1.2258064516129032,
      0.25806451612903225,
      1.2903225806451613,
      0.3225806451612903,
      1.3548387096774193,
      0.3870967741935484,
      1.4193548387096775,
      0.45161290322580644,
      1.4838709677419355,
      0.5161290322580645,
      1.5483870967741935,
      0.5806451612903226,
      1.6129032258064515,
      0.6451612903225806,
      1.6774193548387097,
      0.7096774193548387,
      1.7419354838709677,
      0.7741935483870968,
      1.8064516129032258,
      0.8387096774193549,
      1.8709677419354838,
      0.9032258064516129,
      1.935483870967742,
      0.967741935483871
    ],
    "TaskName": "task-numbers",
    "TotalReadoutTime": 0.033572,
    "dataset": "ds001299",
    "modality": "bold",
    "run_id": 4,
    "session_id": "01",
    "subject_id": "02010",
    "task_id": "numbers"
  },
  "dummy_trs": 2,
  "dvars_nstd": 33.32038284311641,
  "dvars_std": 1.0325421203424656,
  "dvars_vstd": 1.0910322398630132,
  "efc": 0.5101903712696567,
  "fber": 1809.4744873046875,
  "fd_mean": 0.13976029790490874,
  "fd_num": 57,
  "fd_perc": 19.453924914675767,
  "fwhm_avg": 2.8598699999999995,
  "fwhm_x": 2.68656,
  "fwhm_y": 3.11028,
  "fwhm_z": 2.78277,
  "gcor": 0.0107431,
  "gsr_x": 0.002348730806261301,
  "gsr_y": 0.03340436890721321,
  "provenance": {
    "md5sum": "3112286ea135559981d848488b864249",
    "settings": {
      "fd_thres": 0.2,
      "testing": false
    },
    "software": "mriqc",
    "version": "22.0.6",
    "webapi_port": null,
    "webapi_url": "https://mriqc.nimh.nih.gov/api/v1"
  },
  "size_t": 293,
  "size_x": 110,
  "size_y": 110,
  "size_z": 62,
  "snr": 3.2101506741527674,
  "spacing_tr": 2.0,
  "spacing_x": 2.0,
  "spacing_y": 2.0,
  "spacing_z": 2.0,
  "summary_bg_k": 39.10023134755336,
  "summary_bg_mad": 169.7227530751049,
  "summary_bg_mean": 1006.5784912109375,
  "summary_bg_median": 374.33709716796875,
  "summary_bg_n": 505714.0,
  "summary_bg_p05": 240.92992553710937,
  "summary_bg_p95": 3771.4410888671873,
  "summary_bg_stdv": 1983.1878662109375,
  "summary_fg_k": 1.6828705505905779,
  "summary_fg_mad": 4623.503705532094,
  "summary_fg_mean": 16785.55859375,
  "summary_fg_median": 16061.1416015625,
  "summary_fg_n": 153187.0,
  "summary_fg_p05": 10116.88017578125,
  "summary_fg_p95": 25698.030078124993,
  "summary_fg_stdv": 5003.2197265625,
  "tsnr": 37.465476989746094
}