{
  "aor": 0.0006147098976109214,
  "aqi": 0.009703800955631399,
  "bids_meta": {
    "EchoTime": 0.03,
    "EffectiveEchoSpacing": 0.000308,
    "FlipAngle": 77.0,
    "PhaseEncodingDirection": "j-",
    "RepetitionTime": 2.0,
    "SliceTiming": [
      0.0,
      1.032258064516129,
      0.06451612903225806,
      1.096774193548387,
      0.12903225806451613,
      1.1612903225806452,
      0.1935483870967742,
      1.2258064516129032,
      0.25806451612903225,
      1.2903225806451613,
      0.3225806451612903,
      1.3548387096774193,
      0.3870967741935484,
      1.4193548387096775,
      0.45161290322580644,
      1.4838709677419355,
      0.5161290322580645,
      1.5483870967741935,
      0.5806451612903226,
      1.6129032258064515,
      0.6451612903225806,
      1.6774193548387097,
      0.7096774193548387,
      1.7419354838709677,
      0.7741935483870968,
      1.8064516129032258,
      0.8387096774193549,
      1.8709677419354838,
      0.9032258064516129,
      1.935483870967742,
      0.967741935483871,
      0.0,
      1.032258064516129,
      0.06451612903225806,
      1.096774193548387,
      0.12903225806451613,
      1.1612903225806452,
      0.1935483870967742,
      1.2258064516129032,
      0.25806451612903225,
      1.2903225806451613,
      0.3225806451612903,
      1.3548387096774193,
      0.3870967741935484,
      1.4193548387096775,
      0.45161290322580644,
      1.4838709677419355,
      0.5161290322580645,
      1.5483870967741935,
      0.5806451612903226,
      1.6129032258064515,
      0.6451612903225806,
      1.6774193548387097,
      0.7096774193548387,
      1.7419354838709677,
      0.7741935483870968,
      1.8064516129032258,
      0.8387096774193549,
      1.8709677419354838,
      0.9032258064516129,
      1.935483870967742,
      0.967741935483871
    ],
    "TaskName": "task-numbers",
    "TotalReadoutTime": 0.033572,
    "dataset": "ds001299",
    "modality": "bold",
    "run_id": 1,
    "session_id": "01",
    "subject_id": "02016",
    "task_id": "numbers"
  },
  "dummy_trs": 2,
  "dvars_nstd": 37.73863532472605,
  "dvars_std": 1.0127471578424652,
  "dvars_vstd": 0.9736382622602742,
  "efc": 0.49390805937842164,
  "fber": 1811.7415771484375,
  "fd_mean": 0.07323892869590512,
  "fd_num": 7,
  "fd_perc": 2.3890784982935154,
  "fwhm_avg": 2.7742,
  "fwhm_x": 2.62403,
  "fwhm_y": 2.919825,
  "fwhm_z": 2.778745,
  "gcor": 0.0331645,
  "gsr_x": 0.0023763214703649282,
  "gsr_y": 0.024698810651898384,
  "provenance": {
    "md5sum": "44ab79bc51a5f7229e69d35a12440f1c",
    "settings": {
      "fd_thres": 0.2,
      "testing": false
    },
    "software": "mriqc",
    "version": "22.0.6",
    "webapi_port": null,
    "webapi_url": "https://mriqc.nimh.nih.gov/api/v1"
  },
  "size_t": 293,
  "size_x": 110,
  "size_y": 110,
  "size_z": 62,
  "snr": 2.9174132038651623,
  "spacing_tr": 2.0,
  "spacing_x": 2.0,
  "spacing_y": 2.0,
  "spacing_z": 2.0,
  "summary_bg_k": 54.53680464177613,
  "summary_bg_mad": 103.29296171670309,
  "summary_bg_mean": 751.8864135742188,
  "summary_bg_median": 324.6291809082031,
  "summary_bg_n": 508790.0,
  "summary_bg_p05": 233.85049896240236,
  "summary_bg_p95": 3034.4869262695297,
  "summary_bg_stdv": 1398.34033203125,
  "summary_fg_k": 1.6706192628967145,
  "summary_fg_mad": 4200.901263401379,
  "summary_fg_mean": 14655.75,
  "summary_fg_median": 13847.81640625,
  "summary_fg_n": 147869.0,
  "summary_fg_p05": 8619.080078125,
  "summary_fg_p95": 23642.64140625,
  "summary_fg_stdv": 4746.591796875,
  "tsnr": 30.00514030456543
}