{
  "aor": 0.0012262798634812284,
  "aqi": 0.013853968566552901,
  "bids_meta": {
    "EchoTime": 0.03,
    "EffectiveEchoSpacing": 0.000308,
    "FlipAngle": 77.0,
    "PhaseEncodingDirection": "j-",
    "RepetitionTime": 2.0,
    "SliceTiming": [
      0.0,
      1.032258064516129,
      0.06451612903225806,
      1.096774193548387,
      0.12903225806451613,
      1.1612903225806452,
      0.1935483870967742,
      1.2258064516129032,
      0.25806451612903225,
      1.2903225806451613,
      0.3225806451612903,
      1.3548387096774193,
      0.3870967741935484,
      1.4193548387096775,
      0.45161290322580644,
      1.4838709677419355,
      0.5161290322580645,
      1.5483870967741935,
      0.5806451612903226,
      1.6129032258064515,
      0.6451612903225806,
      1.6774193548387097,
      0.7096774193548387,
      1.7419354838709677,
      0.7741935483870968,
      1.8064516129032258,
      0.8387096774193549,
      1.8709677419354838,
      0.9032258064516129,
      1.935483870967742,
      0.967741935483871,
      0.0,
      1.032258064516129,
      0.06451612903225806,
      1.096774193548387,
      0.12903225806451613,
      1.1612903225806452,
      0.1935483870967742,
      1.2258064516129032,
      0.25806451612903225,
      1.2903225806451613,
      0.3225806451612903,
      1.3548387096774193,
      0.3870967741935484,
      1.4193548387096775,
      0.45161290322580644,
      1.4838709677419355,
      0.5161290322580645,
      1.5483870967741935,
      0.5806451612903226,
      1.6129032258064515,
      0.6451612903225806,
      1.6774193548387097,
      0.7096774193548387,
      1.7419354838709677,
      0.7741935483870968,
      1.8064516129032258,
      0.8387096774193549,
      1.8709677419354838,
      0.9032258064516129,
      1.935483870967742,
      0.967741935483871
    ],
    "TaskName": "task-numbers",
    "TotalReadoutTime": 0.033572,
    "dataset": "ds001299",
    "modality": "bold",
    "run_id": 3,
    "session_id": "01",
    "subject_id": "02023",
    "task_id": "numbers"
  },
  "dummy_trs": 2,
  "dvars_nstd": 49.21444208332192,
  "dvars_std": 1.0208625318835618,
  "dvars_vstd": 0.9946183635273971,
  "efc": 0.5025393411447795,
  "fber": 1084.1455078125,
  "fd_mean": 0.3155982235772626,
  "fd_num": 202,
  "fd_perc": 68.9419795221843,
  "fwhm_avg": 2.8900433333333333,
  "fwhm_x": 2.658515,
  "fwhm_y": 3.15814,
  "fwhm_z": 2.853475,
  "gcor": 0.00477967,
  "gsr_x": -0.0074224453419446945,
  "gsr_y": 0.04231514036655426,
  "provenance": {
    "md5sum": "fca7b268757ca0ab5e5edde767604f65",
    "settings": {
      "fd_thres": 0.2,
      "testing": false
    },
    "software": "mriqc",
    "version": "22.0.6",
    "webapi_port": null,
    "webapi_url": "https://mriqc.nimh.nih.gov/api/v1"
  },
  "size_t": 293,
  "size_x": 110,
  "size_y": 110,
  "size_z": 62,
  "snr": 3.205938602383745,
  "spacing_tr": 2.0,
  "spacing_x": 2.0,
  "spacing_y": 2.0,
  "spacing_z": 2.0,
  "summary_bg_k": 78.66440413915133,
  "summary_bg_mad": 234.31345347966155,
  "summary_bg_mean": 813.0787353515625,
  "summary_bg_median": 426.9169921875,
  "summary_bg_n": 513009.0,
  "summary_bg_p05": 249.97777709960937,
  "summary_bg_p95": 2446.594824218747,
  "summary_bg_stdv": 1250.071044921875,
  "summary_fg_k": 1.4565580474632007,
  "summary_fg_mad": 3957.024057360175,
  "summary_fg_mean": 15160.4033203125,
  "summary_fg_median": 14414.40234375,
  "summary_fg_n": 144182.0,
  "summary_fg_p05": 9337.2666015625,
  "summary_fg_p95": 23564.2767578125,
  "summary_fg_stdv": 4496.14111328125,
  "tsnr": 25.283424377441406
}