{
  "aor": 0.0008778839590443686,
  "aqi": 0.010899844095563141,
  "bids_meta": {
    "EchoTime": 0.03,
    "EffectiveEchoSpacing": 0.000306,
    "FlipAngle": 77.0,
    "PhaseEncodingDirection": "j-",
    "RepetitionTime": 2.0,
    "SliceTiming": [
      0.0,
      1.032258064516129,
      0.06451612903225806,
      1.096774193548387,
      0.12903225806451613,
      1.1612903225806452,
      0.1935483870967742,
      1.2258064516129032,
      0.25806451612903225,
      1.2903225806451613,
      0.3225806451612903,
      1.3548387096774193,
      0.3870967741935484,
      1.4193548387096775,
      0.45161290322580644,
      1.4838709677419355,
      0.5161290322580645,
      1.5483870967741935,
      0.5806451612903226,
      1.6129032258064515,
      0.6451612903225806,
      1.6774193548387097,
      0.7096774193548387,
      1.7419354838709677,
      0.7741935483870968,
      1.8064516129032258,
      0.8387096774193549,
      1.8709677419354838,
      0.9032258064516129,
      1.935483870967742,
      0.967741935483871,
      0.0,
      1.032258064516129,
      0.06451612903225806,
      1.096774193548387,
      0.12903225806451613,
      1.1612903225806452,
      0.1935483870967742,
      1.2258064516129032,
      0.25806451612903225,
      1.2903225806451613,
      0.3225806451612903,
      1.3548387096774193,
      0.3870967741935484,
      1.4193548387096775,
      0.45161290322580644,
      1.4838709677419355,
      0.5161290322580645,
      1.5483870967741935,
      0.5806451612903226,
      1.6129032258064515,
      0.6451612903225806,
      1.6774193548387097,
      0.7096774193548387,
      1.7419354838709677,
      0.7741935483870968,
      1.8064516129032258,
      0.8387096774193549,
      1.8709677419354838,
      0.9032258064516129,
      1.935483870967742,
      0.967741935483871
    ],
    "TaskName": "task-numbers",
    "TotalReadoutTime": 0.033354,
    "dataset": "ds001299",
    "modality": "bold",
    "run_id": 2,
    "session_id": "01",
    "subject_id": "02004",
    "task_id": "numbers"
  },
  "dummy_trs": 2,
  "dvars_nstd": 43.931045689212304,
  "dvars_std": 1.0340080041780833,
  "dvars_vstd": 0.9897563936986302,
  "efc": 0.5044316689532918,
  "fber": 1302.732177734375,
  "fd_mean": 0.2138922778212329,
  "fd_num": 119,
  "fd_perc": 40.61433447098976,
  "fwhm_avg": 2.7678765572122863,
  "fwhm_x": 2.56551,
  "fwhm_y": 2.98361,
  "fwhm_z": 2.7545096716368587,
  "gcor": 0.00688183,
  "gsr_x": 0.008045569993555546,
  "gsr_y": 0.03373990207910538,
  "provenance": {
    "md5sum": "e2e417e3a6b247dd63a40f9dd1fea102",
    "settings": {
      "fd_thres": 0.2,
      "testing": false
    },
    "software": "mriqc",
    "version": "22.0.6",
    "webapi_port": null,
    "webapi_url": "https://mriqc.nimh.nih.gov/api/v1"
  },
  "size_t": 293,
  "size_x": 110,
  "size_y": 110,
  "size_z": 62,
  "snr": 3.1174509125853294,
  "spacing_tr": 2.0,
  "spacing_x": 2.0,
  "spacing_y": 2.0,
  "spacing_z": 2.000000238418579,
  "summary_bg_k": 57.04139627977464,
  "summary_bg_mad": 156.49964070434933,
  "summary_bg_mean": 852.4828491210938,
  "summary_bg_median": 391.4073181152344,
  "summary_bg_n": 508601.0,
  "summary_bg_p05": 262.6653747558594,
  "summary_bg_p95": 2849.94091796875,
  "summary_bg_stdv": 1625.0882568359375,
  "summary_fg_k": 1.1940858247977113,
  "summary_fg_mad": 4039.346848611054,
  "summary_fg_mean": 14881.9892578125,
  "summary_fg_median": 14217.5498046875,
  "summary_fg_n": 147886.0,
  "summary_fg_p05": 8905.962158203125,
  "summary_fg_p95": 23345.44775390625,
  "summary_fg_stdv": 4560.61767578125,
  "tsnr": 28.023929595947266
}