{
  "aor": 0.001623856655290103,
  "aqi": 0.00827758795221843,
  "bids_meta": {
    "EchoTime": 0.03,
    "EffectiveEchoSpacing": 0.000308,
    "FlipAngle": 77.0,
    "PhaseEncodingDirection": "j-",
    "RepetitionTime": 2.0,
    "SliceTiming": [
      0.0,
      1.032258064516129,
      0.06451612903225806,
      1.096774193548387,
      0.12903225806451613,
      1.1612903225806452,
      0.1935483870967742,
      1.2258064516129032,
      0.25806451612903225,
      1.2903225806451613,
      0.3225806451612903,
      1.3548387096774193,
      0.3870967741935484,
      1.4193548387096775,
      0.45161290322580644,
      1.4838709677419355,
      0.5161290322580645,
      1.5483870967741935,
      0.5806451612903226,
      1.6129032258064515,
      0.6451612903225806,
      1.6774193548387097,
      0.7096774193548387,
      1.7419354838709677,
      0.7741935483870968,
      1.8064516129032258,
      0.8387096774193549,
      1.8709677419354838,
      0.9032258064516129,
      1.935483870967742,
      0.967741935483871,
      0.0,
      1.032258064516129,
      0.06451612903225806,
      1.096774193548387,
      0.12903225806451613,
      1.1612903225806452,
      0.1935483870967742,
      1.2258064516129032,
      0.25806451612903225,
      1.2903225806451613,
      0.3225806451612903,
      1.3548387096774193,
      0.3870967741935484,
      1.4193548387096775,
      0.45161290322580644,
      1.4838709677419355,
      0.5161290322580645,
      1.5483870967741935,
      0.5806451612903226,
      1.6129032258064515,
      0.6451612903225806,
      1.6774193548387097,
      0.7096774193548387,
      1.7419354838709677,
      0.7741935483870968,
      1.8064516129032258,
      0.8387096774193549,
      1.8709677419354838,
      0.9032258064516129,
      1.935483870967742,
      0.967741935483871
    ],
    "TaskName": "task-numbers",
    "TotalReadoutTime": 0.033572,
    "dataset": "ds001299",
    "modality": "bold",
    "run_id": 2,
    "session_id": "01",
    "subject_id": "02006",
    "task_id": "numbers"
  },
  "dummy_trs": 2,
  "dvars_nstd": 41.721292521780796,
  "dvars_std": 1.0505140150000005,
  "dvars_vstd": 1.0170436306164379,
  "efc": 0.5014479918169414,
  "fber": 1604.8521728515625,
  "fd_mean": 0.19581539259300962,
  "fd_num": 101,
  "fd_perc": 34.47098976109215,
  "fwhm_avg": 2.965821666666667,
  "fwhm_x": 2.66261,
  "fwhm_y": 3.20426,
  "fwhm_z": 3.030595,
  "gcor": 0.00726665,
  "gsr_x": -0.00920368917286396,
  "gsr_y": 0.03886904940009117,
  "provenance": {
    "md5sum": "0ad4eb92c57c1d235057d88ca024ccff",
    "settings": {
      "fd_thres": 0.2,
      "testing": false
    },
    "software": "mriqc",
    "version": "22.0.6",
    "webapi_port": null,
    "webapi_url": "https://mriqc.nimh.nih.gov/api/v1"
  },
  "size_t": 293,
  "size_x": 110,
  "size_y": 110,
  "size_z": 62,
  "snr": 3.0300768402652616,
  "spacing_tr": 2.0,
  "spacing_x": 2.0,
  "spacing_y": 2.0,
  "spacing_z": 2.0,
  "summary_bg_k": 74.69870651974207,
  "summary_bg_mad": 110.73108402234361,
  "summary_bg_mean": 677.3564453125,
  "summary_bg_median": 345.640869140625,
  "summary_bg_n": 500079.0,
  "summary_bg_p05": 248.78009033203125,
  "summary_bg_p95": 2268.3323486328113,
  "summary_bg_stdv": 1088.719970703125,
  "summary_fg_k": 1.3539245341088568,
  "summary_fg_mad": 4172.864299865977,
  "summary_fg_mean": 14650.2763671875,
  "summary_fg_median": 14080.37890625,
  "summary_fg_n": 155304.0,
  "summary_fg_p05": 8566.873095703126,
  "summary_fg_p95": 23047.86328125001,
  "summary_fg_stdv": 4646.85693359375,
  "tsnr": 32.30247497558594
}