{
  "aor": 0.0008100000000000001,
  "aqi": 0.009754361126279863,
  "bids_meta": {
    "EchoTime": 0.03,
    "EffectiveEchoSpacing": 0.000308,
    "FlipAngle": 77.0,
    "PhaseEncodingDirection": "j-",
    "RepetitionTime": 2.0,
    "SliceTiming": [
      0.0,
      1.032258064516129,
      0.06451612903225806,
      1.096774193548387,
      0.12903225806451613,
      1.1612903225806452,
      0.1935483870967742,
      1.2258064516129032,
      0.25806451612903225,
      1.2903225806451613,
      0.3225806451612903,
      1.3548387096774193,
      0.3870967741935484,
      1.4193548387096775,
      0.45161290322580644,
      1.4838709677419355,
      0.5161290322580645,
      1.5483870967741935,
      0.5806451612903226,
      1.6129032258064515,
      0.6451612903225806,
      1.6774193548387097,
      0.7096774193548387,
      1.7419354838709677,
      0.7741935483870968,
      1.8064516129032258,
      0.8387096774193549,
      1.8709677419354838,
      0.9032258064516129,
      1.935483870967742,
      0.967741935483871,
      0.0,
      1.032258064516129,
      0.06451612903225806,
      1.096774193548387,
      0.12903225806451613,
      1.1612903225806452,
      0.1935483870967742,
      1.2258064516129032,
      0.25806451612903225,
      1.2903225806451613,
      0.3225806451612903,
      1.3548387096774193,
      0.3870967741935484,
      1.4193548387096775,
      0.45161290322580644,
      1.4838709677419355,
      0.5161290322580645,
      1.5483870967741935,
      0.5806451612903226,
      1.6129032258064515,
      0.6451612903225806,
      1.6774193548387097,
      0.7096774193548387,
      1.7419354838709677,
      0.7741935483870968,
      1.8064516129032258,
      0.8387096774193549,
      1.8709677419354838,
      0.9032258064516129,
      1.935483870967742,
      0.967741935483871
    ],
    "TaskName": "task-numbers",
    "TotalReadoutTime": 0.033572,
    "dataset": "ds001299",
    "modality": "bold",
    "run_id": 1,
    "session_id": "01",
    "subject_id": "02006",
    "task_id": "numbers"
  },
  "dummy_trs": 2,
  "dvars_nstd": 38.603823518356144,
  "dvars_std": 1.0143739497945206,
  "dvars_vstd": 1.0238504939383561,
  "efc": 0.4980670133521092,
  "fber": 1726.72265625,
  "fd_mean": 0.17470349683051833,
  "fd_num": 86,
  "fd_perc": 29.351535836177476,
  "fwhm_avg": 3.01221,
  "fwhm_x": 2.68747,
  "fwhm_y": 3.26593,
  "fwhm_z": 3.08323,
  "gcor": 0.00663082,
  "gsr_x": -0.007136742118746042,
  "gsr_y": 0.03818472474813461,
  "provenance": {
    "md5sum": "362f01bc6a10fecd89b2d218291bafbd",
    "settings": {
      "fd_thres": 0.2,
      "testing": false
    },
    "software": "mriqc",
    "version": "22.0.6",
    "webapi_port": null,
    "webapi_url": "https://mriqc.nimh.nih.gov/api/v1"
  },
  "size_t": 293,
  "size_x": 110,
  "size_y": 110,
  "size_z": 62,
  "snr": 3.0062177568574007,
  "spacing_tr": 2.0,
  "spacing_x": 2.0,
  "spacing_y": 2.0,
  "spacing_z": 2.0,
  "summary_bg_k": 81.04480837405782,
  "summary_bg_mad": 101.00173319054575,
  "summary_bg_mean": 659.655517578125,
  "summary_bg_median": 337.8314514160156,
  "summary_bg_n": 499939.0,
  "summary_bg_p05": 245.40042572021486,
  "summary_bg_p95": 2232.438598632812,
  "summary_bg_stdv": 1099.005615234375,
  "summary_fg_k": 1.2948458758872246,
  "summary_fg_mad": 4254.923581738177,
  "summary_fg_mean": 14833.427734375,
  "summary_fg_median": 14236.5859375,
  "summary_fg_n": 155453.0,
  "summary_fg_p05": 8632.145703125,
  "summary_fg_p95": 23425.610546875,
  "summary_fg_stdv": 4735.6982421875,
  "tsnr": 32.68632507324219
}