{
  "aor": 0.0008956313993174061,
  "aqi": 0.010504664880546076,
  "bids_meta": {
    "EchoTime": 0.03,
    "EffectiveEchoSpacing": 0.000308,
    "FlipAngle": 77.0,
    "PhaseEncodingDirection": "j-",
    "RepetitionTime": 2.0,
    "SliceTiming": [
      0.0,
      1.032258064516129,
      0.06451612903225806,
      1.096774193548387,
      0.12903225806451613,
      1.1612903225806452,
      0.1935483870967742,
      1.2258064516129032,
      0.25806451612903225,
      1.2903225806451613,
      0.3225806451612903,
      1.3548387096774193,
      0.3870967741935484,
      1.4193548387096775,
      0.45161290322580644,
      1.4838709677419355,
      0.5161290322580645,
      1.5483870967741935,
      0.5806451612903226,
      1.6129032258064515,
      0.6451612903225806,
      1.6774193548387097,
      0.7096774193548387,
      1.7419354838709677,
      0.7741935483870968,
      1.8064516129032258,
      0.8387096774193549,
      1.8709677419354838,
      0.9032258064516129,
      1.935483870967742,
      0.967741935483871,
      0.0,
      1.032258064516129,
      0.06451612903225806,
      1.096774193548387,
      0.12903225806451613,
      1.1612903225806452,
      0.1935483870967742,
      1.2258064516129032,
      0.25806451612903225,
      1.2903225806451613,
      0.3225806451612903,
      1.3548387096774193,
      0.3870967741935484,
      1.4193548387096775,
      0.45161290322580644,
      1.4838709677419355,
      0.5161290322580645,
      1.5483870967741935,
      0.5806451612903226,
      1.6129032258064515,
      0.6451612903225806,
      1.6774193548387097,
      0.7096774193548387,
      1.7419354838709677,
      0.7741935483870968,
      1.8064516129032258,
      0.8387096774193549,
      1.8709677419354838,
      0.9032258064516129,
      1.935483870967742,
      0.967741935483871
    ],
    "TaskName": "task-numbers",
    "TotalReadoutTime": 0.033572,
    "dataset": "ds001299",
    "modality": "bold",
    "run_id": 4,
    "session_id": "01",
    "subject_id": "02006",
    "task_id": "numbers"
  },
  "dummy_trs": 2,
  "dvars_nstd": 40.50108278623285,
  "dvars_std": 1.009996530342466,
  "dvars_vstd": 0.988219192910958,
  "efc": 0.5023252718218919,
  "fber": 1572.0389404296875,
  "fd_mean": 0.15599534904276086,
  "fd_num": 61,
  "fd_perc": 20.81911262798635,
  "fwhm_avg": 2.91102,
  "fwhm_x": 2.67138,
  "fwhm_y": 3.125355,
  "fwhm_z": 2.936325,
  "gcor": 0.012363,
  "gsr_x": -0.0033573629334568977,
  "gsr_y": 0.038984980434179306,
  "provenance": {
    "md5sum": "8475c1ea9bff1f54c3baba1e03055c37",
    "settings": {
      "fd_thres": 0.2,
      "testing": false
    },
    "software": "mriqc",
    "version": "22.0.6",
    "webapi_port": null,
    "webapi_url": "https://mriqc.nimh.nih.gov/api/v1"
  },
  "size_t": 293,
  "size_x": 110,
  "size_y": 110,
  "size_z": 62,
  "snr": 3.111216769677817,
  "spacing_tr": 2.0,
  "spacing_x": 2.0,
  "spacing_y": 2.0,
  "spacing_z": 2.0,
  "summary_bg_k": 61.57168461139182,
  "summary_bg_mad": 108.68024446063086,
  "summary_bg_mean": 726.877685546875,
  "summary_bg_median": 350.2575988769531,
  "summary_bg_n": 503599.0,
  "summary_bg_p05": 253.29250946044922,
  "summary_bg_p95": 2462.932788085936,
  "summary_bg_stdv": 1237.9991455078125,
  "summary_fg_k": 1.4826888699324643,
  "summary_fg_mad": 4110.673914716973,
  "summary_fg_mean": 14722.3505859375,
  "summary_fg_median": 14085.3720703125,
  "summary_fg_n": 152873.0,
  "summary_fg_p05": 8894.6412109375,
  "summary_fg_p95": 23016.715234375,
  "summary_fg_stdv": 4527.2724609375,
  "tsnr": 30.762849807739258
}