{
  "aor": 0.0008096928327645051,
  "aqi": 0.006218185597269625,
  "bids_meta": {
    "EchoTime": 0.03,
    "EffectiveEchoSpacing": 0.000308,
    "FlipAngle": 77.0,
    "PhaseEncodingDirection": "j-",
    "RepetitionTime": 2.0,
    "SliceTiming": [
      0.0,
      1.032258064516129,
      0.06451612903225806,
      1.096774193548387,
      0.12903225806451613,
      1.1612903225806452,
      0.1935483870967742,
      1.2258064516129032,
      0.25806451612903225,
      1.2903225806451613,
      0.3225806451612903,
      1.3548387096774193,
      0.3870967741935484,
      1.4193548387096775,
      0.45161290322580644,
      1.4838709677419355,
      0.5161290322580645,
      1.5483870967741935,
      0.5806451612903226,
      1.6129032258064515,
      0.6451612903225806,
      1.6774193548387097,
      0.7096774193548387,
      1.7419354838709677,
      0.7741935483870968,
      1.8064516129032258,
      0.8387096774193549,
      1.8709677419354838,
      0.9032258064516129,
      1.935483870967742,
      0.967741935483871,
      0.0,
      1.032258064516129,
      0.06451612903225806,
      1.096774193548387,
      0.12903225806451613,
      1.1612903225806452,
      0.1935483870967742,
      1.2258064516129032,
      0.25806451612903225,
      1.2903225806451613,
      0.3225806451612903,
      1.3548387096774193,
      0.3870967741935484,
      1.4193548387096775,
      0.45161290322580644,
      1.4838709677419355,
      0.5161290322580645,
      1.5483870967741935,
      0.5806451612903226,
      1.6129032258064515,
      0.6451612903225806,
      1.6774193548387097,
      0.7096774193548387,
      1.7419354838709677,
      0.7741935483870968,
      1.8064516129032258,
      0.8387096774193549,
      1.8709677419354838,
      0.9032258064516129,
      1.935483870967742,
      0.967741935483871
    ],
    "TaskName": "task-numbers",
    "TotalReadoutTime": 0.033572,
    "dataset": "ds001299",
    "modality": "bold",
    "run_id": 2,
    "session_id": "01",
    "subject_id": "02021",
    "task_id": "numbers"
  },
  "dummy_trs": 2,
  "dvars_nstd": 37.32988494715753,
  "dvars_std": 1.060618415342466,
  "dvars_vstd": 0.9955960418835609,
  "efc": 0.48795103977421905,
  "fber": 2015.40185546875,
  "fd_mean": 0.12022972055468713,
  "fd_num": 23,
  "fd_perc": 7.849829351535837,
  "fwhm_avg": 2.89650155064624,
  "fwhm_x": 2.66339,
  "fwhm_y": 3.106365,
  "fwhm_z": 2.9197496519387185,
  "gcor": 0.0146867,
  "gsr_x": -0.003547262866050005,
  "gsr_y": 0.0279076024889946,
  "provenance": {
    "md5sum": "cdec73ad2e4e7439f8befc834c94e9f9",
    "settings": {
      "fd_thres": 0.2,
      "testing": false
    },
    "software": "mriqc",
    "version": "22.0.6",
    "webapi_port": null,
    "webapi_url": "https://mriqc.nimh.nih.gov/api/v1"
  },
  "size_t": 293,
  "size_x": 110,
  "size_y": 110,
  "size_z": 62,
  "snr": 2.873746794929222,
  "spacing_tr": 2.0,
  "spacing_x": 2.0,
  "spacing_y": 2.0,
  "spacing_z": 2.000000238418579,
  "summary_bg_k": 94.22862176200879,
  "summary_bg_mad": 109.36745465947645,
  "summary_bg_mean": 669.7398071289062,
  "summary_bg_median": 326.1756591796875,
  "summary_bg_n": 503761.0,
  "summary_bg_p05": 232.68971252441406,
  "summary_bg_p95": 2265.0205078125,
  "summary_bg_stdv": 1183.7696533203125,
  "summary_fg_k": 1.3992586179157298,
  "summary_fg_mad": 4684.626298555953,
  "summary_fg_mean": 15519.3193359375,
  "summary_fg_median": 14849.2294921875,
  "summary_fg_n": 150313.0,
  "summary_fg_p05": 8857.3396484375,
  "summary_fg_p95": 25025.582421875,
  "summary_fg_stdv": 5167.1845703125,
  "tsnr": 35.56879425048828
}