{
  "aor": 0.0021452218430034133,
  "aqi": 0.005125453754266211,
  "bids_meta": {
    "EchoTime": 0.03,
    "EffectiveEchoSpacing": 0.000308,
    "FlipAngle": 77.0,
    "PhaseEncodingDirection": "j-",
    "RepetitionTime": 2.0,
    "SliceTiming": [
      0.0,
      1.032258064516129,
      0.06451612903225806,
      1.096774193548387,
      0.12903225806451613,
      1.1612903225806452,
      0.1935483870967742,
      1.2258064516129032,
      0.25806451612903225,
      1.2903225806451613,
      0.3225806451612903,
      1.3548387096774193,
      0.3870967741935484,
      1.4193548387096775,
      0.45161290322580644,
      1.4838709677419355,
      0.5161290322580645,
      1.5483870967741935,
      0.5806451612903226,
      1.6129032258064515,
      0.6451612903225806,
      1.6774193548387097,
      0.7096774193548387,
      1.7419354838709677,
      0.7741935483870968,
      1.8064516129032258,
      0.8387096774193549,
      1.8709677419354838,
      0.9032258064516129,
      1.935483870967742,
      0.967741935483871,
      0.0,
      1.032258064516129,
      0.06451612903225806,
      1.096774193548387,
      0.12903225806451613,
      1.1612903225806452,
      0.1935483870967742,
      1.2258064516129032,
      0.25806451612903225,
      1.2903225806451613,
      0.3225806451612903,
      1.3548387096774193,
      0.3870967741935484,
      1.4193548387096775,
      0.45161290322580644,
      1.4838709677419355,
      0.5161290322580645,
      1.5483870967741935,
      0.5806451612903226,
      1.6129032258064515,
      0.6451612903225806,
      1.6774193548387097,
      0.7096774193548387,
      1.7419354838709677,
      0.7741935483870968,
      1.8064516129032258,
      0.8387096774193549,
      1.8709677419354838,
      0.9032258064516129,
      1.935483870967742,
      0.967741935483871
    ],
    "TaskName": "task-numbers",
    "TotalReadoutTime": 0.033572,
    "dataset": "ds001299",
    "modality": "bold",
    "run_id": 3,
    "session_id": "01",
    "subject_id": "02019",
    "task_id": "numbers"
  },
  "dummy_trs": 2,
  "dvars_nstd": 31.237566928493155,
  "dvars_std": 1.0427598908219176,
  "dvars_vstd": 1.0643435507191776,
  "efc": 0.4691756557959534,
  "fber": 2362.992919921875,
  "fd_mean": 0.05862068884792083,
  "fd_num": 1,
  "fd_perc": 0.3412969283276451,
  "fwhm_avg": 3.0095266666666665,
  "fwhm_x": 2.85877,
  "fwhm_y": 3.31128,
  "fwhm_z": 2.85853,
  "gcor": 0.0100941,
  "gsr_x": -0.011633927933871746,
  "gsr_y": 0.03506617993116379,
  "provenance": {
    "md5sum": "8f88701bbb663802ddd566eb5abab656",
    "settings": {
      "fd_thres": 0.2,
      "testing": false
    },
    "software": "mriqc",
    "version": "22.0.6",
    "webapi_port": null,
    "webapi_url": "https://mriqc.nimh.nih.gov/api/v1"
  },
  "size_t": 293,
  "size_x": 110,
  "size_y": 110,
  "size_z": 62,
  "snr": 2.6143762181153236,
  "spacing_tr": 2.0,
  "spacing_x": 2.0,
  "spacing_y": 2.0,
  "spacing_z": 2.0,
  "summary_bg_k": 159.57837049407283,
  "summary_bg_mad": 130.46091891941083,
  "summary_bg_mean": 796.8107299804688,
  "summary_bg_median": 336.7857666015625,
  "summary_bg_n": 519071.0,
  "summary_bg_p05": 231.13085174560547,
  "summary_bg_p95": 3105.9283447265625,
  "summary_bg_stdv": 1584.724609375,
  "summary_fg_k": 2.0001705890871495,
  "summary_fg_mad": 5534.144339076102,
  "summary_fg_mean": 17749.51953125,
  "summary_fg_median": 16571.26171875,
  "summary_fg_n": 138645.0,
  "summary_fg_p05": 9876.360546875,
  "summary_fg_p95": 29661.632812499996,
  "summary_fg_stdv": 6338.49169921875,
  "tsnr": 38.92039489746094
}