{
  "aor": 0.0012138907849829352,
  "aqi": 0.00587363494880546,
  "bids_meta": {
    "EchoTime": 0.03,
    "EffectiveEchoSpacing": 0.000308,
    "FlipAngle": 77.0,
    "PhaseEncodingDirection": "j-",
    "RepetitionTime": 2.0,
    "SliceTiming": [
      0.0,
      1.032258064516129,
      0.06451612903225806,
      1.096774193548387,
      0.12903225806451613,
      1.1612903225806452,
      0.1935483870967742,
      1.2258064516129032,
      0.25806451612903225,
      1.2903225806451613,
      0.3225806451612903,
      1.3548387096774193,
      0.3870967741935484,
      1.4193548387096775,
      0.45161290322580644,
      1.4838709677419355,
      0.5161290322580645,
      1.5483870967741935,
      0.5806451612903226,
      1.6129032258064515,
      0.6451612903225806,
      1.6774193548387097,
      0.7096774193548387,
      1.7419354838709677,
      0.7741935483870968,
      1.8064516129032258,
      0.8387096774193549,
      1.8709677419354838,
      0.9032258064516129,
      1.935483870967742,
      0.967741935483871,
      0.0,
      1.032258064516129,
      0.06451612903225806,
      1.096774193548387,
      0.12903225806451613,
      1.1612903225806452,
      0.1935483870967742,
      1.2258064516129032,
      0.25806451612903225,
      1.2903225806451613,
      0.3225806451612903,
      1.3548387096774193,
      0.3870967741935484,
      1.4193548387096775,
      0.45161290322580644,
      1.4838709677419355,
      0.5161290322580645,
      1.5483870967741935,
      0.5806451612903226,
      1.6129032258064515,
      0.6451612903225806,
      1.6774193548387097,
      0.7096774193548387,
      1.7419354838709677,
      0.7741935483870968,
      1.8064516129032258,
      0.8387096774193549,
      1.8709677419354838,
      0.9032258064516129,
      1.935483870967742,
      0.967741935483871
    ],
    "TaskName": "task-numbers",
    "TotalReadoutTime": 0.033572,
    "dataset": "ds001299",
    "modality": "bold",
    "run_id": 2,
    "session_id": "01",
    "subject_id": "02019",
    "task_id": "numbers"
  },
  "dummy_trs": 2,
  "dvars_nstd": 31.92267641304796,
  "dvars_std": 0.9898461001027399,
  "dvars_vstd": 0.9831530440068503,
  "efc": 0.46994000454432894,
  "fber": 2358.31005859375,
  "fd_mean": 0.05120839849365766,
  "fd_num": 0,
  "fd_perc": 0.0,
  "fwhm_avg": 3.0296233333333333,
  "fwhm_x": 2.87439,
  "fwhm_y": 3.317855,
  "fwhm_z": 2.896625,
  "gcor": 0.0134627,
  "gsr_x": -0.012372059747576714,
  "gsr_y": 0.0344620980322361,
  "provenance": {
    "md5sum": "94e5c136737e08d99beda6949e07a6fc",
    "settings": {
      "fd_thres": 0.2,
      "testing": false
    },
    "software": "mriqc",
    "version": "22.0.6",
    "webapi_port": null,
    "webapi_url": "https://mriqc.nimh.nih.gov/api/v1"
  },
  "size_t": 293,
  "size_x": 110,
  "size_y": 110,
  "size_z": 62,
  "snr": 2.6168006896334974,
  "spacing_tr": 2.0,
  "spacing_x": 2.0,
  "spacing_y": 2.0,
  "spacing_z": 2.0,
  "summary_bg_k": 148.34972292142686,
  "summary_bg_mad": 132.10190276224137,
  "summary_bg_mean": 798.1681518554688,
  "summary_bg_median": 339.02850341796875,
  "summary_bg_n": 518623.0,
  "summary_bg_p05": 234.71227264404297,
  "summary_bg_p95": 3050.1277099609274,
  "summary_bg_stdv": 1542.4847412109375,
  "summary_fg_k": 1.8877519903239088,
  "summary_fg_mad": 5540.4439506510225,
  "summary_fg_mean": 17827.48046875,
  "summary_fg_median": 16624.09375,
  "summary_fg_n": 138903.0,
  "summary_fg_p05": 9924.48330078125,
  "summary_fg_p95": 29778.993554687495,
  "summary_fg_stdv": 6352.80859375,
  "tsnr": 35.047515869140625
}