{
  "aor": 0.00046160409556314,
  "aqi": 0.006889730102389078,
  "bids_meta": {
    "EchoTime": 0.03,
    "EffectiveEchoSpacing": 0.000308,
    "FlipAngle": 77.0,
    "PhaseEncodingDirection": "j-",
    "RepetitionTime": 2.0,
    "SliceTiming": [
      0.0,
      1.032258064516129,
      0.06451612903225806,
      1.096774193548387,
      0.12903225806451613,
      1.1612903225806452,
      0.1935483870967742,
      1.2258064516129032,
      0.25806451612903225,
      1.2903225806451613,
      0.3225806451612903,
      1.3548387096774193,
      0.3870967741935484,
      1.4193548387096775,
      0.45161290322580644,
      1.4838709677419355,
      0.5161290322580645,
      1.5483870967741935,
      0.5806451612903226,
      1.6129032258064515,
      0.6451612903225806,
      1.6774193548387097,
      0.7096774193548387,
      1.7419354838709677,
      0.7741935483870968,
      1.8064516129032258,
      0.8387096774193549,
      1.8709677419354838,
      0.9032258064516129,
      1.935483870967742,
      0.967741935483871,
      0.0,
      1.032258064516129,
      0.06451612903225806,
      1.096774193548387,
      0.12903225806451613,
      1.1612903225806452,
      0.1935483870967742,
      1.2258064516129032,
      0.25806451612903225,
      1.2903225806451613,
      0.3225806451612903,
      1.3548387096774193,
      0.3870967741935484,
      1.4193548387096775,
      0.45161290322580644,
      1.4838709677419355,
      0.5161290322580645,
      1.5483870967741935,
      0.5806451612903226,
      1.6129032258064515,
      0.6451612903225806,
      1.6774193548387097,
      0.7096774193548387,
      1.7419354838709677,
      0.7741935483870968,
      1.8064516129032258,
      0.8387096774193549,
      1.8709677419354838,
      0.9032258064516129,
      1.935483870967742,
      0.967741935483871
    ],
    "TaskName": "task-numbers",
    "TotalReadoutTime": 0.033572,
    "dataset": "ds001299",
    "modality": "bold",
    "run_id": 4,
    "session_id": "01",
    "subject_id": "02019",
    "task_id": "numbers"
  },
  "dummy_trs": 2,
  "dvars_nstd": 32.72533006520548,
  "dvars_std": 0.9944530764041096,
  "dvars_vstd": 0.9852010915068495,
  "efc": 0.4699864688805212,
  "fber": 2326.8369140625,
  "fd_mean": 0.055490381359355495,
  "fd_num": 1,
  "fd_perc": 0.3412969283276451,
  "fwhm_avg": 3.034095,
  "fwhm_x": 2.870855,
  "fwhm_y": 3.35374,
  "fwhm_z": 2.87769,
  "gcor": 0.021707,
  "gsr_x": -0.011605970561504364,
  "gsr_y": 0.03573103994131088,
  "provenance": {
    "md5sum": "e6f8c0508ff5b10d47fb76e92e09ae0b",
    "settings": {
      "fd_thres": 0.2,
      "testing": false
    },
    "software": "mriqc",
    "version": "22.0.6",
    "webapi_port": null,
    "webapi_url": "https://mriqc.nimh.nih.gov/api/v1"
  },
  "size_t": 293,
  "size_x": 110,
  "size_y": 110,
  "size_z": 62,
  "snr": 2.61637616505991,
  "spacing_tr": 2.0,
  "spacing_x": 2.0,
  "spacing_y": 2.0,
  "spacing_z": 2.0,
  "summary_bg_k": 158.33703184623346,
  "summary_bg_mad": 129.52526606975306,
  "summary_bg_mean": 810.0816650390625,
  "summary_bg_median": 340.36767578125,
  "summary_bg_n": 519579.0,
  "summary_bg_p05": 237.6426208496094,
  "summary_bg_p95": 3158.487548828122,
  "summary_bg_stdv": 1609.115478515625,
  "summary_fg_k": 2.0033599557435284,
  "summary_fg_mad": 5512.714656033035,
  "summary_fg_mean": 17726.82421875,
  "summary_fg_median": 16545.138671875,
  "summary_fg_n": 138215.0,
  "summary_fg_p05": 9838.9681640625,
  "summary_fg_p95": 29609.154492187485,
  "summary_fg_stdv": 6323.662109375,
  "tsnr": 34.95552444458008
}