{
  "aor": 0.0005677133105802049,
  "aqi": 0.00483114204778157,
  "bids_meta": {
    "EchoTime": 0.03,
    "EffectiveEchoSpacing": 0.000308,
    "FlipAngle": 77.0,
    "PhaseEncodingDirection": "j-",
    "RepetitionTime": 2.0,
    "SliceTiming": [
      0.0,
      1.032258064516129,
      0.06451612903225806,
      1.096774193548387,
      0.12903225806451613,
      1.1612903225806452,
      0.1935483870967742,
      1.2258064516129032,
      0.25806451612903225,
      1.2903225806451613,
      0.3225806451612903,
      1.3548387096774193,
      0.3870967741935484,
      1.4193548387096775,
      0.45161290322580644,
      1.4838709677419355,
      0.5161290322580645,
      1.5483870967741935,
      0.5806451612903226,
      1.6129032258064515,
      0.6451612903225806,
      1.6774193548387097,
      0.7096774193548387,
      1.7419354838709677,
      0.7741935483870968,
      1.8064516129032258,
      0.8387096774193549,
      1.8709677419354838,
      0.9032258064516129,
      1.935483870967742,
      0.967741935483871,
      0.0,
      1.032258064516129,
      0.06451612903225806,
      1.096774193548387,
      0.12903225806451613,
      1.1612903225806452,
      0.1935483870967742,
      1.2258064516129032,
      0.25806451612903225,
      1.2903225806451613,
      0.3225806451612903,
      1.3548387096774193,
      0.3870967741935484,
      1.4193548387096775,
      0.45161290322580644,
      1.4838709677419355,
      0.5161290322580645,
      1.5483870967741935,
      0.5806451612903226,
      1.6129032258064515,
      0.6451612903225806,
      1.6774193548387097,
      0.7096774193548387,
      1.7419354838709677,
      0.7741935483870968,
      1.8064516129032258,
      0.8387096774193549,
      1.8709677419354838,
      0.9032258064516129,
      1.935483870967742,
      0.967741935483871
    ],
    "TaskName": "task-numbers",
    "TotalReadoutTime": 0.033572,
    "dataset": "ds001299",
    "modality": "bold",
    "run_id": 1,
    "session_id": "01",
    "subject_id": "02019",
    "task_id": "numbers"
  },
  "dummy_trs": 2,
  "dvars_nstd": 30.679175912397255,
  "dvars_std": 1.0138847405136986,
  "dvars_vstd": 0.9883438002397262,
  "efc": 0.4689121634212953,
  "fber": 2444.40087890625,
  "fd_mean": 0.04674167194595362,
  "fd_num": 1,
  "fd_perc": 0.3412969283276451,
  "fwhm_avg": 3.0097383333333334,
  "fwhm_x": 2.85994,
  "fwhm_y": 3.2969,
  "fwhm_z": 2.872375,
  "gcor": 0.00635279,
  "gsr_x": -0.012528423219919205,
  "gsr_y": 0.03379765897989273,
  "provenance": {
    "md5sum": "0e1bae824199be0c0b953928709fabc6",
    "settings": {
      "fd_thres": 0.2,
      "testing": false
    },
    "software": "mriqc",
    "version": "22.0.6",
    "webapi_port": null,
    "webapi_url": "https://mriqc.nimh.nih.gov/api/v1"
  },
  "size_t": 293,
  "size_x": 110,
  "size_y": 110,
  "size_z": 62,
  "snr": 2.6350890952468577,
  "spacing_tr": 2.0,
  "spacing_x": 2.0,
  "spacing_y": 2.0,
  "spacing_z": 2.0,
  "summary_bg_k": 152.77690747118774,
  "summary_bg_mad": 123.83587959618167,
  "summary_bg_mean": 787.2903442382812,
  "summary_bg_median": 332.5428771972656,
  "summary_bg_n": 518806.0,
  "summary_bg_p05": 234.24593353271484,
  "summary_bg_p95": 3004.4610595703125,
  "summary_bg_stdv": 1544.4276123046875,
  "summary_fg_k": 1.9275392070623276,
  "summary_fg_mad": 5518.12962897953,
  "summary_fg_mean": 17855.662109375,
  "summary_fg_median": 16662.693359375,
  "summary_fg_n": 138829.0,
  "summary_fg_p05": 9999.7646484375,
  "summary_fg_p95": 29770.755468750005,
  "summary_fg_stdv": 6323.3662109375,
  "tsnr": 39.66288375854492
}