{
  "aor": 0.000891296928327645,
  "aqi": 0.008154742320819114,
  "bids_meta": {
    "EchoTime": 0.03,
    "EffectiveEchoSpacing": 0.000306,
    "FlipAngle": 77.0,
    "PhaseEncodingDirection": "j-",
    "RepetitionTime": 2.0,
    "SliceTiming": [
      0.0,
      1.032258064516129,
      0.06451612903225806,
      1.096774193548387,
      0.12903225806451613,
      1.1612903225806452,
      0.1935483870967742,
      1.2258064516129032,
      0.25806451612903225,
      1.2903225806451613,
      0.3225806451612903,
      1.3548387096774193,
      0.3870967741935484,
      1.4193548387096775,
      0.45161290322580644,
      1.4838709677419355,
      0.5161290322580645,
      1.5483870967741935,
      0.5806451612903226,
      1.6129032258064515,
      0.6451612903225806,
      1.6774193548387097,
      0.7096774193548387,
      1.7419354838709677,
      0.7741935483870968,
      1.8064516129032258,
      0.8387096774193549,
      1.8709677419354838,
      0.9032258064516129,
      1.935483870967742,
      0.967741935483871,
      0.0,
      1.032258064516129,
      0.06451612903225806,
      1.096774193548387,
      0.12903225806451613,
      1.1612903225806452,
      0.1935483870967742,
      1.2258064516129032,
      0.25806451612903225,
      1.2903225806451613,
      0.3225806451612903,
      1.3548387096774193,
      0.3870967741935484,
      1.4193548387096775,
      0.45161290322580644,
      1.4838709677419355,
      0.5161290322580645,
      1.5483870967741935,
      0.5806451612903226,
      1.6129032258064515,
      0.6451612903225806,
      1.6774193548387097,
      0.7096774193548387,
      1.7419354838709677,
      0.7741935483870968,
      1.8064516129032258,
      0.8387096774193549,
      1.8709677419354838,
      0.9032258064516129,
      1.935483870967742,
      0.967741935483871
    ],
    "TaskName": "task-numbers",
    "TotalReadoutTime": 0.033354,
    "dataset": "ds001299",
    "modality": "bold",
    "run_id": 1,
    "session_id": "01",
    "subject_id": "02003",
    "task_id": "numbers"
  },
  "dummy_trs": 2,
  "dvars_nstd": 37.40095420712328,
  "dvars_std": 0.9931942025342463,
  "dvars_vstd": 1.000615934520548,
  "efc": 0.504570770257516,
  "fber": 1202.3236083984375,
  "fd_mean": 0.08797522650264834,
  "fd_num": 8,
  "fd_perc": 2.7303754266211606,
  "fwhm_avg": 2.871235,
  "fwhm_x": 2.70238,
  "fwhm_y": 3.09881,
  "fwhm_z": 2.812515,
  "gcor": 0.0166882,
  "gsr_x": -0.0003883657045662403,
  "gsr_y": 0.0334777869284153,
  "provenance": {
    "md5sum": "22f4e22a73cfd273cf28de0c9d3e35fb",
    "settings": {
      "fd_thres": 0.2,
      "testing": false
    },
    "software": "mriqc",
    "version": "22.0.6",
    "webapi_port": null,
    "webapi_url": "https://mriqc.nimh.nih.gov/api/v1"
  },
  "size_t": 293,
  "size_x": 110,
  "size_y": 110,
  "size_z": 62,
  "snr": 2.5255595719677952,
  "spacing_tr": 2.0,
  "spacing_x": 2.0,
  "spacing_y": 2.0,
  "spacing_z": 2.0,
  "summary_bg_k": 55.687089744652376,
  "summary_bg_mad": 195.37145926179147,
  "summary_bg_mean": 1051.473388671875,
  "summary_bg_median": 454.20721435546875,
  "summary_bg_n": 502170.0,
  "summary_bg_p05": 294.59412384033203,
  "summary_bg_p95": 4013.3822387695295,
  "summary_bg_stdv": 1906.6517333984375,
  "summary_fg_k": 2.2356395463499545,
  "summary_fg_mad": 5426.441395882553,
  "summary_fg_mean": 17122.548828125,
  "summary_fg_median": 16081.6904296875,
  "summary_fg_n": 151795.0,
  "summary_fg_p05": 8964.5271484375,
  "summary_fg_p95": 28911.558593749993,
  "summary_fg_stdv": 6367.55419921875,
  "tsnr": 29.778541564941406
}