{
  "aor": 0.0002835494880546075,
  "aqi": 0.008209664402730375,
  "bids_meta": {
    "EchoTime": 0.03,
    "EffectiveEchoSpacing": 0.000306,
    "FlipAngle": 77.0,
    "PhaseEncodingDirection": "j-",
    "RepetitionTime": 2.0,
    "SliceTiming": [
      0.0,
      1.032258064516129,
      0.06451612903225806,
      1.096774193548387,
      0.12903225806451613,
      1.1612903225806452,
      0.1935483870967742,
      1.2258064516129032,
      0.25806451612903225,
      1.2903225806451613,
      0.3225806451612903,
      1.3548387096774193,
      0.3870967741935484,
      1.4193548387096775,
      0.45161290322580644,
      1.4838709677419355,
      0.5161290322580645,
      1.5483870967741935,
      0.5806451612903226,
      1.6129032258064515,
      0.6451612903225806,
      1.6774193548387097,
      0.7096774193548387,
      1.7419354838709677,
      0.7741935483870968,
      1.8064516129032258,
      0.8387096774193549,
      1.8709677419354838,
      0.9032258064516129,
      1.935483870967742,
      0.967741935483871,
      0.0,
      1.032258064516129,
      0.06451612903225806,
      1.096774193548387,
      0.12903225806451613,
      1.1612903225806452,
      0.1935483870967742,
      1.2258064516129032,
      0.25806451612903225,
      1.2903225806451613,
      0.3225806451612903,
      1.3548387096774193,
      0.3870967741935484,
      1.4193548387096775,
      0.45161290322580644,
      1.4838709677419355,
      0.5161290322580645,
      1.5483870967741935,
      0.5806451612903226,
      1.6129032258064515,
      0.6451612903225806,
      1.6774193548387097,
      0.7096774193548387,
      1.7419354838709677,
      0.7741935483870968,
      1.8064516129032258,
      0.8387096774193549,
      1.8709677419354838,
      0.9032258064516129,
      1.935483870967742,
      0.967741935483871
    ],
    "TaskName": "task-numbers",
    "TotalReadoutTime": 0.033354,
    "dataset": "ds001299",
    "modality": "bold",
    "run_id": 4,
    "session_id": "01",
    "subject_id": "02003",
    "task_id": "numbers"
  },
  "dummy_trs": 2,
  "dvars_nstd": 38.62902232441778,
  "dvars_std": 0.9867236071575352,
  "dvars_vstd": 0.9676969345890407,
  "efc": 0.5051505118226343,
  "fber": 1173.0640869140625,
  "fd_mean": 0.08999686934478233,
  "fd_num": 4,
  "fd_perc": 1.3651877133105803,
  "fwhm_avg": 2.8504866666666664,
  "fwhm_x": 2.67744,
  "fwhm_y": 3.086695,
  "fwhm_z": 2.787325,
  "gcor": 0.00708264,
  "gsr_x": 0.0010729565983638167,
  "gsr_y": 0.03509608656167984,
  "provenance": {
    "md5sum": "cae87fa60a3f8ec93b33525be6a3070b",
    "settings": {
      "fd_thres": 0.2,
      "testing": false
    },
    "software": "mriqc",
    "version": "22.0.6",
    "webapi_port": null,
    "webapi_url": "https://mriqc.nimh.nih.gov/api/v1"
  },
  "size_t": 293,
  "size_x": 110,
  "size_y": 110,
  "size_z": 62,
  "snr": 2.556291452199471,
  "spacing_tr": 2.0,
  "spacing_x": 2.0,
  "spacing_y": 2.0,
  "spacing_z": 2.0,
  "summary_bg_k": 53.09491096116277,
  "summary_bg_mad": 190.65957765973207,
  "summary_bg_mean": 1064.1165771484375,
  "summary_bg_median": 453.30303955078125,
  "summary_bg_n": 504330.0,
  "summary_bg_p05": 295.22402038574216,
  "summary_bg_p95": 4189.151367187496,
  "summary_bg_stdv": 1922.4195556640625,
  "summary_fg_k": 2.2732137373859596,
  "summary_fg_mad": 5295.624915759097,
  "summary_fg_mean": 16829.0,
  "summary_fg_median": 15820.9091796875,
  "summary_fg_n": 150427.0,
  "summary_fg_p05": 8876.28984375,
  "summary_fg_p95": 28230.409765624972,
  "summary_fg_stdv": 6188.98779296875,
  "tsnr": 31.571870803833008
}