{
  "aor": 0.0007843686006825937,
  "aqi": 0.006602613208191126,
  "bids_meta": {
    "EchoTime": 0.03,
    "EffectiveEchoSpacing": 0.000308,
    "FlipAngle": 77.0,
    "PhaseEncodingDirection": "j-",
    "RepetitionTime": 2.0,
    "SliceTiming": [
      0.0,
      1.032258064516129,
      0.06451612903225806,
      1.096774193548387,
      0.12903225806451613,
      1.1612903225806452,
      0.1935483870967742,
      1.2258064516129032,
      0.25806451612903225,
      1.2903225806451613,
      0.3225806451612903,
      1.3548387096774193,
      0.3870967741935484,
      1.4193548387096775,
      0.45161290322580644,
      1.4838709677419355,
      0.5161290322580645,
      1.5483870967741935,
      0.5806451612903226,
      1.6129032258064515,
      0.6451612903225806,
      1.6774193548387097,
      0.7096774193548387,
      1.7419354838709677,
      0.7741935483870968,
      1.8064516129032258,
      0.8387096774193549,
      1.8709677419354838,
      0.9032258064516129,
      1.935483870967742,
      0.967741935483871,
      0.0,
      1.032258064516129,
      0.06451612903225806,
      1.096774193548387,
      0.12903225806451613,
      1.1612903225806452,
      0.1935483870967742,
      1.2258064516129032,
      0.25806451612903225,
      1.2903225806451613,
      0.3225806451612903,
      1.3548387096774193,
      0.3870967741935484,
      1.4193548387096775,
      0.45161290322580644,
      1.4838709677419355,
      0.5161290322580645,
      1.5483870967741935,
      0.5806451612903226,
      1.6129032258064515,
      0.6451612903225806,
      1.6774193548387097,
      0.7096774193548387,
      1.7419354838709677,
      0.7741935483870968,
      1.8064516129032258,
      0.8387096774193549,
      1.8709677419354838,
      0.9032258064516129,
      1.935483870967742,
      0.967741935483871
    ],
    "TaskName": "task-numbers",
    "TotalReadoutTime": 0.033572,
    "dataset": "ds001299",
    "modality": "bold",
    "run_id": 4,
    "session_id": "01",
    "subject_id": "02027",
    "task_id": "numbers"
  },
  "dummy_trs": 2,
  "dvars_nstd": 36.91550607530822,
  "dvars_std": 1.0215387328082182,
  "dvars_vstd": 1.0477267748972598,
  "efc": 0.4806341361494223,
  "fber": 2178.205810546875,
  "fd_mean": 0.11742147290199911,
  "fd_num": 30,
  "fd_perc": 10.238907849829351,
  "fwhm_avg": 2.9285483333333335,
  "fwhm_x": 2.80171,
  "fwhm_y": 3.12786,
  "fwhm_z": 2.856075,
  "gcor": 0.00345464,
  "gsr_x": -0.020025942474603653,
  "gsr_y": 0.0473833866417408,
  "provenance": {
    "md5sum": "f45f5c9b443717da64e3bfcd9b592b6c",
    "settings": {
      "fd_thres": 0.2,
      "testing": false
    },
    "software": "mriqc",
    "version": "22.0.6",
    "webapi_port": null,
    "webapi_url": "https://mriqc.nimh.nih.gov/api/v1"
  },
  "size_t": 293,
  "size_x": 110,
  "size_y": 110,
  "size_z": 62,
  "snr": 2.7981055139695576,
  "spacing_tr": 2.0,
  "spacing_x": 2.0,
  "spacing_y": 2.0,
  "spacing_z": 2.0,
  "summary_bg_k": 53.1118447760109,
  "summary_bg_mad": 126.80146861933963,
  "summary_bg_mean": 695.93896484375,
  "summary_bg_median": 320.44842529296875,
  "summary_bg_n": 512630.0,
  "summary_bg_p05": 218.3936424255371,
  "summary_bg_p95": 2388.3902832031245,
  "summary_bg_stdv": 1108.0902099609375,
  "summary_fg_k": 1.9376884775747119,
  "summary_fg_mad": 4866.607033755142,
  "summary_fg_mean": 16183.486328125,
  "summary_fg_median": 15217.564453125,
  "summary_fg_n": 144691.0,
  "summary_fg_p05": 9413.40771484375,
  "summary_fg_p95": 26332.8916015625,
  "summary_fg_stdv": 5438.50537109375,
  "tsnr": 33.03934097290039
}