{
  "aor": 0.0014744709897610924,
  "aqi": 0.006938921774744028,
  "bids_meta": {
    "EchoTime": 0.03,
    "EffectiveEchoSpacing": 0.000306,
    "FlipAngle": 77.0,
    "PhaseEncodingDirection": "j-",
    "RepetitionTime": 2.0,
    "SliceTiming": [
      0.0,
      1.032258064516129,
      0.06451612903225806,
      1.096774193548387,
      0.12903225806451613,
      1.1612903225806452,
      0.1935483870967742,
      1.2258064516129032,
      0.25806451612903225,
      1.2903225806451613,
      0.3225806451612903,
      1.3548387096774193,
      0.3870967741935484,
      1.4193548387096775,
      0.45161290322580644,
      1.4838709677419355,
      0.5161290322580645,
      1.5483870967741935,
      0.5806451612903226,
      1.6129032258064515,
      0.6451612903225806,
      1.6774193548387097,
      0.7096774193548387,
      1.7419354838709677,
      0.7741935483870968,
      1.8064516129032258,
      0.8387096774193549,
      1.8709677419354838,
      0.9032258064516129,
      1.935483870967742,
      0.967741935483871,
      0.0,
      1.032258064516129,
      0.06451612903225806,
      1.096774193548387,
      0.12903225806451613,
      1.1612903225806452,
      0.1935483870967742,
      1.2258064516129032,
      0.25806451612903225,
      1.2903225806451613,
      0.3225806451612903,
      1.3548387096774193,
      0.3870967741935484,
      1.4193548387096775,
      0.45161290322580644,
      1.4838709677419355,
      0.5161290322580645,
      1.5483870967741935,
      0.5806451612903226,
      1.6129032258064515,
      0.6451612903225806,
      1.6774193548387097,
      0.7096774193548387,
      1.7419354838709677,
      0.7741935483870968,
      1.8064516129032258,
      0.8387096774193549,
      1.8709677419354838,
      0.9032258064516129,
      1.935483870967742,
      0.967741935483871
    ],
    "TaskName": "task-numbers",
    "TotalReadoutTime": 0.033354,
    "dataset": "ds001299",
    "modality": "bold",
    "run_id": 4,
    "session_id": "01",
    "subject_id": "02005",
    "task_id": "numbers"
  },
  "dummy_trs": 2,
  "dvars_nstd": 37.25293974681509,
  "dvars_std": 1.0395262163698638,
  "dvars_vstd": 1.0208563604794518,
  "efc": 0.4749437343236575,
  "fber": 1719.9847412109375,
  "fd_mean": 0.1279982698108766,
  "fd_num": 37,
  "fd_perc": 12.627986348122867,
  "fwhm_avg": 2.9932833333333337,
  "fwhm_x": 2.56468,
  "fwhm_y": 3.290275,
  "fwhm_z": 3.124895,
  "gcor": 0.00599465,
  "gsr_x": -0.0005676899454556406,
  "gsr_y": 0.01928146369755268,
  "provenance": {
    "md5sum": "a650a168b233f7b66bc5ca7c7a59331c",
    "settings": {
      "fd_thres": 0.2,
      "testing": false
    },
    "software": "mriqc",
    "version": "22.0.6",
    "webapi_port": null,
    "webapi_url": "https://mriqc.nimh.nih.gov/api/v1"
  },
  "size_t": 293,
  "size_x": 110,
  "size_y": 110,
  "size_z": 62,
  "snr": 2.944410702866936,
  "spacing_tr": 2.0,
  "spacing_x": 2.0,
  "spacing_y": 2.0,
  "spacing_z": 2.0,
  "summary_bg_k": 83.60200065190598,
  "summary_bg_mad": 110.14400195794482,
  "summary_bg_mean": 712.8302001953125,
  "summary_bg_median": 363.08453369140625,
  "summary_bg_n": 522154.0,
  "summary_bg_p05": 261.6849822998047,
  "summary_bg_p95": 2292.9305419921848,
  "summary_bg_stdv": 1249.7694091796875,
  "summary_fg_k": 1.1684880113165796,
  "summary_fg_mad": 4677.889435154873,
  "summary_fg_mean": 15882.150390625,
  "summary_fg_median": 15279.72265625,
  "summary_fg_n": 134061.0,
  "summary_fg_p05": 9223.005859375,
  "summary_fg_p95": 25382.296875,
  "summary_fg_stdv": 5189.3798828125,
  "tsnr": 35.19267654418945
}