{
  "aor": 0.003983686006825938,
  "aqi": 0.014982153720136516,
  "bids_meta": {
    "EchoTime": 0.03,
    "EffectiveEchoSpacing": 0.000308,
    "FlipAngle": 77.0,
    "PhaseEncodingDirection": "j-",
    "RepetitionTime": 2.0,
    "SliceTiming": [
      0.0,
      1.032258064516129,
      0.06451612903225806,
      1.096774193548387,
      0.12903225806451613,
      1.1612903225806452,
      0.1935483870967742,
      1.2258064516129032,
      0.25806451612903225,
      1.2903225806451613,
      0.3225806451612903,
      1.3548387096774193,
      0.3870967741935484,
      1.4193548387096775,
      0.45161290322580644,
      1.4838709677419355,
      0.5161290322580645,
      1.5483870967741935,
      0.5806451612903226,
      1.6129032258064515,
      0.6451612903225806,
      1.6774193548387097,
      0.7096774193548387,
      1.7419354838709677,
      0.7741935483870968,
      1.8064516129032258,
      0.8387096774193549,
      1.8709677419354838,
      0.9032258064516129,
      1.935483870967742,
      0.967741935483871,
      0.0,
      1.032258064516129,
      0.06451612903225806,
      1.096774193548387,
      0.12903225806451613,
      1.1612903225806452,
      0.1935483870967742,
      1.2258064516129032,
      0.25806451612903225,
      1.2903225806451613,
      0.3225806451612903,
      1.3548387096774193,
      0.3870967741935484,
      1.4193548387096775,
      0.45161290322580644,
      1.4838709677419355,
      0.5161290322580645,
      1.5483870967741935,
      0.5806451612903226,
      1.6129032258064515,
      0.6451612903225806,
      1.6774193548387097,
      0.7096774193548387,
      1.7419354838709677,
      0.7741935483870968,
      1.8064516129032258,
      0.8387096774193549,
      1.8709677419354838,
      0.9032258064516129,
      1.935483870967742,
      0.967741935483871
    ],
    "TaskName": "task-numbers",
    "TotalReadoutTime": 0.033572,
    "dataset": "ds001299",
    "modality": "bold",
    "run_id": 2,
    "session_id": "01",
    "subject_id": "02014",
    "task_id": "numbers"
  },
  "dummy_trs": 2,
  "dvars_nstd": 48.20105631044521,
  "dvars_std": 1.0142200371575343,
  "dvars_vstd": 0.9740772759246578,
  "efc": 0.5049591954392632,
  "fber": 1239.8045654296875,
  "fd_mean": 0.2910413226470299,
  "fd_num": 98,
  "fd_perc": 33.44709897610922,
  "fwhm_avg": 3.045526666666666,
  "fwhm_x": 2.56065,
  "fwhm_y": 3.39019,
  "fwhm_z": 3.18574,
  "gcor": 0.0222913,
  "gsr_x": 0.004573511891067028,
  "gsr_y": 0.023827925324440002,
  "provenance": {
    "md5sum": "649189306103441a6ac9ec830de480f6",
    "settings": {
      "fd_thres": 0.2,
      "testing": false
    },
    "software": "mriqc",
    "version": "22.0.6",
    "webapi_port": null,
    "webapi_url": "https://mriqc.nimh.nih.gov/api/v1"
  },
  "size_t": 293,
  "size_x": 110,
  "size_y": 110,
  "size_z": 62,
  "snr": 2.6956814092290946,
  "spacing_tr": 2.0,
  "spacing_x": 2.0,
  "spacing_y": 2.0,
  "spacing_z": 2.0,
  "summary_bg_k": 62.258648382023,
  "summary_bg_mad": 161.88027237020947,
  "summary_bg_mean": 832.438720703125,
  "summary_bg_median": 421.5185852050781,
  "summary_bg_n": 498897.0,
  "summary_bg_p05": 283.2564697265625,
  "summary_bg_p95": 2815.6283203124995,
  "summary_bg_stdv": 1259.43408203125,
  "summary_fg_k": 1.1731614887838555,
  "summary_fg_mad": 4765.8646473638055,
  "summary_fg_mean": 15744.0029296875,
  "summary_fg_median": 15069.5546875,
  "summary_fg_n": 152740.0,
  "summary_fg_p05": 8121.321923828125,
  "summary_fg_p95": 25976.54677734375,
  "summary_fg_stdv": 5590.23974609375,
  "tsnr": 25.342243194580078
}