{
  "aor": 0.0005023890784982935,
  "aqi": 0.006171753447098976,
  "bids_meta": {
    "EchoTime": 0.03,
    "EffectiveEchoSpacing": 0.000308,
    "FlipAngle": 77.0,
    "PhaseEncodingDirection": "j-",
    "RepetitionTime": 2.0,
    "SliceTiming": [
      0.0,
      1.032258064516129,
      0.06451612903225806,
      1.096774193548387,
      0.12903225806451613,
      1.1612903225806452,
      0.1935483870967742,
      1.2258064516129032,
      0.25806451612903225,
      1.2903225806451613,
      0.3225806451612903,
      1.3548387096774193,
      0.3870967741935484,
      1.4193548387096775,
      0.45161290322580644,
      1.4838709677419355,
      0.5161290322580645,
      1.5483870967741935,
      0.5806451612903226,
      1.6129032258064515,
      0.6451612903225806,
      1.6774193548387097,
      0.7096774193548387,
      1.7419354838709677,
      0.7741935483870968,
      1.8064516129032258,
      0.8387096774193549,
      1.8709677419354838,
      0.9032258064516129,
      1.935483870967742,
      0.967741935483871,
      0.0,
      1.032258064516129,
      0.06451612903225806,
      1.096774193548387,
      0.12903225806451613,
      1.1612903225806452,
      0.1935483870967742,
      1.2258064516129032,
      0.25806451612903225,
      1.2903225806451613,
      0.3225806451612903,
      1.3548387096774193,
      0.3870967741935484,
      1.4193548387096775,
      0.45161290322580644,
      1.4838709677419355,
      0.5161290322580645,
      1.5483870967741935,
      0.5806451612903226,
      1.6129032258064515,
      0.6451612903225806,
      1.6774193548387097,
      0.7096774193548387,
      1.7419354838709677,
      0.7741935483870968,
      1.8064516129032258,
      0.8387096774193549,
      1.8709677419354838,
      0.9032258064516129,
      1.935483870967742,
      0.967741935483871
    ],
    "TaskName": "task-numbers",
    "TotalReadoutTime": 0.033572,
    "dataset": "ds001299",
    "modality": "bold",
    "run_id": 3,
    "session_id": "01",
    "subject_id": "02024",
    "task_id": "numbers"
  },
  "dummy_trs": 2,
  "dvars_nstd": 40.87688493051372,
  "dvars_std": 1.0806482404109587,
  "dvars_vstd": 0.9951012096232879,
  "efc": 0.5070978050656199,
  "fber": 1553.1885986328125,
  "fd_mean": 0.0985488295051858,
  "fd_num": 9,
  "fd_perc": 3.0716723549488054,
  "fwhm_avg": 2.8328333333333333,
  "fwhm_x": 2.359795,
  "fwhm_y": 3.157045,
  "fwhm_z": 2.98166,
  "gcor": 0.00379812,
  "gsr_x": -0.011935259215533733,
  "gsr_y": 0.03595259413123131,
  "provenance": {
    "md5sum": "16972af2ec6713d603a49c9bbedc2e75",
    "settings": {
      "fd_thres": 0.2,
      "testing": false
    },
    "software": "mriqc",
    "version": "22.0.6",
    "webapi_port": null,
    "webapi_url": "https://mriqc.nimh.nih.gov/api/v1"
  },
  "size_t": 293,
  "size_x": 110,
  "size_y": 110,
  "size_z": 62,
  "snr": 3.008319530224374,
  "spacing_tr": 2.0,
  "spacing_x": 2.0,
  "spacing_y": 2.0,
  "spacing_z": 2.0,
  "summary_bg_k": 49.858374750246206,
  "summary_bg_mad": 119.60226480170019,
  "summary_bg_mean": 769.41845703125,
  "summary_bg_median": 343.44287109375,
  "summary_bg_n": 500632.0,
  "summary_bg_p05": 240.8411735534668,
  "summary_bg_p95": 3051.4604858398434,
  "summary_bg_stdv": 1364.0277099609375,
  "summary_fg_k": 1.004595652535869,
  "summary_fg_mad": 4166.833989084653,
  "summary_fg_mean": 14218.720703125,
  "summary_fg_median": 13825.875,
  "summary_fg_n": 152516.0,
  "summary_fg_p05": 7720.5946044921875,
  "summary_fg_p95": 22067.08154296875,
  "summary_fg_stdv": 4595.86474609375,
  "tsnr": 35.479042053222656
}