{
  "aor": 0.0017117123287671233,
  "aqi": 0.009172709897260274,
  "bids_meta": {
    "EchoTime": 0.03,
    "EffectiveEchoSpacing": 0.000308,
    "FlipAngle": 77.0,
    "PhaseEncodingDirection": "j-",
    "RepetitionTime": 2.0,
    "SliceTiming": [
      0.0,
      1.032258064516129,
      0.06451612903225806,
      1.096774193548387,
      0.12903225806451613,
      1.1612903225806452,
      0.1935483870967742,
      1.2258064516129032,
      0.25806451612903225,
      1.2903225806451613,
      0.3225806451612903,
      1.3548387096774193,
      0.3870967741935484,
      1.4193548387096775,
      0.45161290322580644,
      1.4838709677419355,
      0.5161290322580645,
      1.5483870967741935,
      0.5806451612903226,
      1.6129032258064515,
      0.6451612903225806,
      1.6774193548387097,
      0.7096774193548387,
      1.7419354838709677,
      0.7741935483870968,
      1.8064516129032258,
      0.8387096774193549,
      1.8709677419354838,
      0.9032258064516129,
      1.935483870967742,
      0.967741935483871,
      0.0,
      1.032258064516129,
      0.06451612903225806,
      1.096774193548387,
      0.12903225806451613,
      1.1612903225806452,
      0.1935483870967742,
      1.2258064516129032,
      0.25806451612903225,
      1.2903225806451613,
      0.3225806451612903,
      1.3548387096774193,
      0.3870967741935484,
      1.4193548387096775,
      0.45161290322580644,
      1.4838709677419355,
      0.5161290322580645,
      1.5483870967741935,
      0.5806451612903226,
      1.6129032258064515,
      0.6451612903225806,
      1.6774193548387097,
      0.7096774193548387,
      1.7419354838709677,
      0.7741935483870968,
      1.8064516129032258,
      0.8387096774193549,
      1.8709677419354838,
      0.9032258064516129,
      1.935483870967742,
      0.967741935483871
    ],
    "TaskName": "task-numbers",
    "TotalReadoutTime": 0.033572,
    "dataset": "ds001299",
    "modality": "bold",
    "run_id": 4,
    "session_id": "01",
    "subject_id": "02015",
    "task_id": "numbers"
  },
  "dummy_trs": 3,
  "dvars_nstd": 37.46819130415807,
  "dvars_std": 1.0096696725773187,
  "dvars_vstd": 1.0620223045017188,
  "efc": 0.5165792800041703,
  "fber": 2005.53759765625,
  "fd_mean": 0.11669979905861076,
  "fd_num": 26,
  "fd_perc": 8.904109589041095,
  "fwhm_avg": 3.1453966666666666,
  "fwhm_x": 2.800265,
  "fwhm_y": 3.55042,
  "fwhm_z": 3.085505,
  "gcor": 0.0177974,
  "gsr_x": -0.0028390109073370695,
  "gsr_y": 0.04948601499199867,
  "provenance": {
    "md5sum": "07b5862708b0c744cec09ba89d60293f",
    "settings": {
      "fd_thres": 0.2,
      "testing": false
    },
    "software": "mriqc",
    "version": "22.0.6",
    "webapi_port": null,
    "webapi_url": "https://mriqc.nimh.nih.gov/api/v1"
  },
  "size_t": 292,
  "size_x": 110,
  "size_y": 110,
  "size_z": 62,
  "snr": 2.559904258571341,
  "spacing_tr": 2.0,
  "spacing_x": 2.0,
  "spacing_y": 2.0,
  "spacing_z": 2.0,
  "summary_bg_k": 118.93921201198529,
  "summary_bg_mad": 158.2314773686752,
  "summary_bg_mean": 795.8446655273438,
  "summary_bg_median": 363.14910888671875,
  "summary_bg_n": 470094.0,
  "summary_bg_p05": 236.9753677368164,
  "summary_bg_p95": 2694.1967163085933,
  "summary_bg_stdv": 1578.6072998046875,
  "summary_fg_k": 2.6362756005620227,
  "summary_fg_mad": 5474.33277760386,
  "summary_fg_mean": 17469.85546875,
  "summary_fg_median": 16444.171875,
  "summary_fg_n": 180144.0,
  "summary_fg_p05": 9185.714697265625,
  "summary_fg_p95": 29129.332421875002,
  "summary_fg_stdv": 6423.72705078125,
  "tsnr": 29.246047973632812
}