{
  "aor": 0.0004873378839590445,
  "aqi": 0.008849881126279864,
  "bids_meta": {
    "EchoTime": 0.03,
    "EffectiveEchoSpacing": 0.000308,
    "FlipAngle": 77.0,
    "PhaseEncodingDirection": "j-",
    "RepetitionTime": 2.0,
    "SliceTiming": [
      0.0,
      1.032258064516129,
      0.06451612903225806,
      1.096774193548387,
      0.12903225806451613,
      1.1612903225806452,
      0.1935483870967742,
      1.2258064516129032,
      0.25806451612903225,
      1.2903225806451613,
      0.3225806451612903,
      1.3548387096774193,
      0.3870967741935484,
      1.4193548387096775,
      0.45161290322580644,
      1.4838709677419355,
      0.5161290322580645,
      1.5483870967741935,
      0.5806451612903226,
      1.6129032258064515,
      0.6451612903225806,
      1.6774193548387097,
      0.7096774193548387,
      1.7419354838709677,
      0.7741935483870968,
      1.8064516129032258,
      0.8387096774193549,
      1.8709677419354838,
      0.9032258064516129,
      1.935483870967742,
      0.967741935483871,
      0.0,
      1.032258064516129,
      0.06451612903225806,
      1.096774193548387,
      0.12903225806451613,
      1.1612903225806452,
      0.1935483870967742,
      1.2258064516129032,
      0.25806451612903225,
      1.2903225806451613,
      0.3225806451612903,
      1.3548387096774193,
      0.3870967741935484,
      1.4193548387096775,
      0.45161290322580644,
      1.4838709677419355,
      0.5161290322580645,
      1.5483870967741935,
      0.5806451612903226,
      1.6129032258064515,
      0.6451612903225806,
      1.6774193548387097,
      0.7096774193548387,
      1.7419354838709677,
      0.7741935483870968,
      1.8064516129032258,
      0.8387096774193549,
      1.8709677419354838,
      0.9032258064516129,
      1.935483870967742,
      0.967741935483871
    ],
    "TaskName": "task-numbers",
    "TotalReadoutTime": 0.033572,
    "dataset": "ds001299",
    "modality": "bold",
    "run_id": 2,
    "session_id": "01",
    "subject_id": "02016",
    "task_id": "numbers"
  },
  "dummy_trs": 2,
  "dvars_nstd": 39.61774682335616,
  "dvars_std": 1.006979700171233,
  "dvars_vstd": 0.9823158875000003,
  "efc": 0.497604536936807,
  "fber": 1637.478515625,
  "fd_mean": 0.08981305113951248,
  "fd_num": 17,
  "fd_perc": 5.802047781569966,
  "fwhm_avg": 2.7748833333333334,
  "fwhm_x": 2.63105,
  "fwhm_y": 2.92023,
  "fwhm_z": 2.77337,
  "gcor": 0.0187579,
  "gsr_x": -0.0006474331603385508,
  "gsr_y": 0.026353193446993828,
  "provenance": {
    "md5sum": "478fecef8c6a9c347e35cbe785846ef5",
    "settings": {
      "fd_thres": 0.2,
      "testing": false
    },
    "software": "mriqc",
    "version": "22.0.6",
    "webapi_port": null,
    "webapi_url": "https://mriqc.nimh.nih.gov/api/v1"
  },
  "size_t": 293,
  "size_x": 110,
  "size_y": 110,
  "size_z": 62,
  "snr": 2.88201125396562,
  "spacing_tr": 2.0,
  "spacing_x": 2.0,
  "spacing_y": 2.0,
  "spacing_z": 2.0,
  "summary_bg_k": 46.39825290813692,
  "summary_bg_mad": 126.21321017378604,
  "summary_bg_mean": 795.90673828125,
  "summary_bg_median": 342.2459716796875,
  "summary_bg_n": 508693.0,
  "summary_bg_p05": 237.81900329589843,
  "summary_bg_p95": 3205.055175781248,
  "summary_bg_stdv": 1423.9329833984375,
  "summary_fg_k": 1.6826807245323625,
  "summary_fg_mad": 4232.012744330333,
  "summary_fg_mean": 14805.6708984375,
  "summary_fg_median": 13960.423828125,
  "summary_fg_n": 148027.0,
  "summary_fg_p05": 8669.094921875,
  "summary_fg_p95": 24056.19785156249,
  "summary_fg_stdv": 4843.97021484375,
  "tsnr": 30.121845245361328
}