{
  "aor": 0.0017073037542662116,
  "aqi": 0.008355478703071673,
  "bids_meta": {
    "EchoTime": 0.03,
    "EffectiveEchoSpacing": 0.000308,
    "FlipAngle": 77.0,
    "PhaseEncodingDirection": "j-",
    "RepetitionTime": 2.0,
    "SliceTiming": [
      0.0,
      1.032258064516129,
      0.06451612903225806,
      1.096774193548387,
      0.12903225806451613,
      1.1612903225806452,
      0.1935483870967742,
      1.2258064516129032,
      0.25806451612903225,
      1.2903225806451613,
      0.3225806451612903,
      1.3548387096774193,
      0.3870967741935484,
      1.4193548387096775,
      0.45161290322580644,
      1.4838709677419355,
      0.5161290322580645,
      1.5483870967741935,
      0.5806451612903226,
      1.6129032258064515,
      0.6451612903225806,
      1.6774193548387097,
      0.7096774193548387,
      1.7419354838709677,
      0.7741935483870968,
      1.8064516129032258,
      0.8387096774193549,
      1.8709677419354838,
      0.9032258064516129,
      1.935483870967742,
      0.967741935483871,
      0.0,
      1.032258064516129,
      0.06451612903225806,
      1.096774193548387,
      0.12903225806451613,
      1.1612903225806452,
      0.1935483870967742,
      1.2258064516129032,
      0.25806451612903225,
      1.2903225806451613,
      0.3225806451612903,
      1.3548387096774193,
      0.3870967741935484,
      1.4193548387096775,
      0.45161290322580644,
      1.4838709677419355,
      0.5161290322580645,
      1.5483870967741935,
      0.5806451612903226,
      1.6129032258064515,
      0.6451612903225806,
      1.6774193548387097,
      0.7096774193548387,
      1.7419354838709677,
      0.7741935483870968,
      1.8064516129032258,
      0.8387096774193549,
      1.8709677419354838,
      0.9032258064516129,
      1.935483870967742,
      0.967741935483871
    ],
    "TaskName": "task-numbers",
    "TotalReadoutTime": 0.033572,
    "dataset": "ds001299",
    "modality": "bold",
    "run_id": 3,
    "session_id": "01",
    "subject_id": "02017",
    "task_id": "numbers"
  },
  "dummy_trs": 2,
  "dvars_nstd": 38.59446422366439,
  "dvars_std": 1.053281850890411,
  "dvars_vstd": 1.0063366868835617,
  "efc": 0.5023574843168485,
  "fber": 1591.3973388671875,
  "fd_mean": 0.10558011540454423,
  "fd_num": 26,
  "fd_perc": 8.873720136518772,
  "fwhm_avg": 2.9259532140348496,
  "fwhm_x": 2.43457,
  "fwhm_y": 3.341045,
  "fwhm_z": 3.0022446421045488,
  "gcor": 0.00731939,
  "gsr_x": -0.0057091317139565945,
  "gsr_y": 0.043493982404470444,
  "provenance": {
    "md5sum": "f261e1ff7956e919ac67e94b72f86cad",
    "settings": {
      "fd_thres": 0.2,
      "testing": false
    },
    "software": "mriqc",
    "version": "22.0.6",
    "webapi_port": null,
    "webapi_url": "https://mriqc.nimh.nih.gov/api/v1"
  },
  "size_t": 293,
  "size_x": 110,
  "size_y": 110,
  "size_z": 62,
  "snr": 2.8913101744703753,
  "spacing_tr": 2.0,
  "spacing_x": 2.0,
  "spacing_y": 2.0,
  "spacing_z": 2.000000238418579,
  "summary_bg_k": 174.75849134818918,
  "summary_bg_mad": 115.99819490676359,
  "summary_bg_mean": 746.9608764648438,
  "summary_bg_median": 342.55206298828125,
  "summary_bg_n": 498580.0,
  "summary_bg_p05": 241.21778106689453,
  "summary_bg_p95": 2825.0795410156247,
  "summary_bg_stdv": 1458.545166015625,
  "summary_fg_k": 1.3529282095445794,
  "summary_fg_mad": 4092.6437922296186,
  "summary_fg_mean": 14286.455078125,
  "summary_fg_median": 13863.9677734375,
  "summary_fg_n": 153589.0,
  "summary_fg_p05": 7661.7416015625,
  "summary_fg_p95": 22601.051171875002,
  "summary_fg_stdv": 4795.03125,
  "tsnr": 33.52619934082031
}