{
  "aor": 0.0011677133105802047,
  "aqi": 0.011836800341296928,
  "bids_meta": {
    "EchoTime": 0.03,
    "EffectiveEchoSpacing": 0.000308,
    "FlipAngle": 77.0,
    "PhaseEncodingDirection": "j-",
    "RepetitionTime": 2.0,
    "SliceTiming": [
      0.0,
      1.032258064516129,
      0.06451612903225806,
      1.096774193548387,
      0.12903225806451613,
      1.1612903225806452,
      0.1935483870967742,
      1.2258064516129032,
      0.25806451612903225,
      1.2903225806451613,
      0.3225806451612903,
      1.3548387096774193,
      0.3870967741935484,
      1.4193548387096775,
      0.45161290322580644,
      1.4838709677419355,
      0.5161290322580645,
      1.5483870967741935,
      0.5806451612903226,
      1.6129032258064515,
      0.6451612903225806,
      1.6774193548387097,
      0.7096774193548387,
      1.7419354838709677,
      0.7741935483870968,
      1.8064516129032258,
      0.8387096774193549,
      1.8709677419354838,
      0.9032258064516129,
      1.935483870967742,
      0.967741935483871,
      0.0,
      1.032258064516129,
      0.06451612903225806,
      1.096774193548387,
      0.12903225806451613,
      1.1612903225806452,
      0.1935483870967742,
      1.2258064516129032,
      0.25806451612903225,
      1.2903225806451613,
      0.3225806451612903,
      1.3548387096774193,
      0.3870967741935484,
      1.4193548387096775,
      0.45161290322580644,
      1.4838709677419355,
      0.5161290322580645,
      1.5483870967741935,
      0.5806451612903226,
      1.6129032258064515,
      0.6451612903225806,
      1.6774193548387097,
      0.7096774193548387,
      1.7419354838709677,
      0.7741935483870968,
      1.8064516129032258,
      0.8387096774193549,
      1.8709677419354838,
      0.9032258064516129,
      1.935483870967742,
      0.967741935483871
    ],
    "TaskName": "task-numbers",
    "TotalReadoutTime": 0.033572,
    "dataset": "ds001299",
    "modality": "bold",
    "run_id": 2,
    "session_id": "01",
    "subject_id": "02017",
    "task_id": "numbers"
  },
  "dummy_trs": 2,
  "dvars_nstd": 38.06992967160957,
  "dvars_std": 1.0097904684246573,
  "dvars_vstd": 0.999226286404109,
  "efc": 0.5027859980110774,
  "fber": 1489.3177490234375,
  "fd_mean": 0.09593254722269064,
  "fd_num": 19,
  "fd_perc": 6.484641638225256,
  "fwhm_avg": 2.9286932178286853,
  "fwhm_x": 2.583425,
  "fwhm_y": 3.295885,
  "fwhm_z": 2.9067696534860548,
  "gcor": 0.0241861,
  "gsr_x": 0.027362916618585587,
  "gsr_y": 0.03320537135004997,
  "provenance": {
    "md5sum": "4c8a41dfbbde304e00175c2aac373ec1",
    "settings": {
      "fd_thres": 0.2,
      "testing": false
    },
    "software": "mriqc",
    "version": "22.0.6",
    "webapi_port": null,
    "webapi_url": "https://mriqc.nimh.nih.gov/api/v1"
  },
  "size_t": 293,
  "size_x": 110,
  "size_y": 110,
  "size_z": 62,
  "snr": 3.038375674128631,
  "spacing_tr": 2.0,
  "spacing_x": 2.0,
  "spacing_y": 2.0,
  "spacing_z": 2.000000238418579,
  "summary_bg_k": 58.40175148862733,
  "summary_bg_mad": 145.09539458066183,
  "summary_bg_mean": 946.2926635742188,
  "summary_bg_median": 363.52313232421875,
  "summary_bg_n": 509866.0,
  "summary_bg_p05": 239.72937393188477,
  "summary_bg_p95": 3681.0531616210938,
  "summary_bg_stdv": 2093.490966796875,
  "summary_fg_k": 1.3553687666130871,
  "summary_fg_mad": 4075.4230199767812,
  "summary_fg_mean": 14595.626953125,
  "summary_fg_median": 14026.6279296875,
  "summary_fg_n": 145423.0,
  "summary_fg_p05": 8638.6748046875,
  "summary_fg_p95": 22885.452929687497,
  "summary_fg_stdv": 4616.47314453125,
  "tsnr": 29.380558013916016
}