{
  "aor": 0.0014128668941979523,
  "aqi": 0.016049814982935152,
  "bids_meta": {
    "EchoTime": 0.03,
    "EffectiveEchoSpacing": 0.000308,
    "FlipAngle": 77.0,
    "PhaseEncodingDirection": "j-",
    "RepetitionTime": 2.0,
    "SliceTiming": [
      0.0,
      1.032258064516129,
      0.06451612903225806,
      1.096774193548387,
      0.12903225806451613,
      1.1612903225806452,
      0.1935483870967742,
      1.2258064516129032,
      0.25806451612903225,
      1.2903225806451613,
      0.3225806451612903,
      1.3548387096774193,
      0.3870967741935484,
      1.4193548387096775,
      0.45161290322580644,
      1.4838709677419355,
      0.5161290322580645,
      1.5483870967741935,
      0.5806451612903226,
      1.6129032258064515,
      0.6451612903225806,
      1.6774193548387097,
      0.7096774193548387,
      1.7419354838709677,
      0.7741935483870968,
      1.8064516129032258,
      0.8387096774193549,
      1.8709677419354838,
      0.9032258064516129,
      1.935483870967742,
      0.967741935483871,
      0.0,
      1.032258064516129,
      0.06451612903225806,
      1.096774193548387,
      0.12903225806451613,
      1.1612903225806452,
      0.1935483870967742,
      1.2258064516129032,
      0.25806451612903225,
      1.2903225806451613,
      0.3225806451612903,
      1.3548387096774193,
      0.3870967741935484,
      1.4193548387096775,
      0.45161290322580644,
      1.4838709677419355,
      0.5161290322580645,
      1.5483870967741935,
      0.5806451612903226,
      1.6129032258064515,
      0.6451612903225806,
      1.6774193548387097,
      0.7096774193548387,
      1.7419354838709677,
      0.7741935483870968,
      1.8064516129032258,
      0.8387096774193549,
      1.8709677419354838,
      0.9032258064516129,
      1.935483870967742,
      0.967741935483871
    ],
    "TaskName": "task-numbers",
    "TotalReadoutTime": 0.033572,
    "dataset": "ds001299",
    "modality": "bold",
    "run_id": 4,
    "session_id": "01",
    "subject_id": "02023",
    "task_id": "numbers"
  },
  "dummy_trs": 2,
  "dvars_nstd": 52.17297837496578,
  "dvars_std": 1.0114897406506853,
  "dvars_vstd": 0.9968955869178086,
  "efc": 0.5028715507305417,
  "fber": 1041.8223876953125,
  "fd_mean": 0.36175859193464316,
  "fd_num": 225,
  "fd_perc": 76.79180887372014,
  "fwhm_avg": 2.88024,
  "fwhm_x": 2.635535,
  "fwhm_y": 3.157105,
  "fwhm_z": 2.84808,
  "gcor": 0.00637254,
  "gsr_x": -0.006488888058811426,
  "gsr_y": 0.04057645797729492,
  "provenance": {
    "md5sum": "dab5d9dee83e0931496a678f3d561992",
    "settings": {
      "fd_thres": 0.2,
      "testing": false
    },
    "software": "mriqc",
    "version": "22.0.6",
    "webapi_port": null,
    "webapi_url": "https://mriqc.nimh.nih.gov/api/v1"
  },
  "size_t": 293,
  "size_x": 110,
  "size_y": 110,
  "size_z": 62,
  "snr": 3.248046044230234,
  "spacing_tr": 2.0,
  "spacing_x": 2.0,
  "spacing_y": 2.0,
  "spacing_z": 2.0,
  "summary_bg_k": 75.81433305789587,
  "summary_bg_mad": 255.31683409039414,
  "summary_bg_mean": 818.5929565429688,
  "summary_bg_median": 440.39105224609375,
  "summary_bg_n": 512998.0,
  "summary_bg_p05": 247.36396102905275,
  "summary_bg_p95": 2465.994506835936,
  "summary_bg_stdv": 1255.93017578125,
  "summary_fg_k": 1.2438642576862016,
  "summary_fg_mad": 3949.5104204334807,
  "summary_fg_mean": 15134.427734375,
  "summary_fg_median": 14426.1865234375,
  "summary_fg_n": 143446.0,
  "summary_fg_p05": 9252.352783203125,
  "summary_fg_p95": 23380.7578125,
  "summary_fg_stdv": 4441.4814453125,
  "tsnr": 23.32965850830078
}